region,subj,item,rpdur,tgdur,totfixdur,gbck,gdur,rr,rrdur,quan_cond,typic_cond,interf_cond,subj_cond,obj_cond,cond,quants,typic,interf
6,9,28,200,200,562,2,200,1,362,EEN,atypical,no_interf,MIS,MIS,d,-1,-1,-1
6,9,25,262,262,262,2,262,0,0,GEEN,typical,interf,MATCH,MATCH,e,1,1,1
6,9,13,506,506,680,2,506,1,174,EEN,typical,interf,MATCH,MATCH,a,-1,1,1
6,9,4,260,260,658,2,260,1,398,EEN,atypical,no_interf,MIS,MIS,d,-1,-1,-1
6,9,21,184,184,184,2,184,0,0,EEN,typical,interf,MATCH,MATCH,a,-1,1,1
6,9,10,1364,1118,1118,1,660,1,458,EEN,atypical,interf,MIS,MATCH,c,-1,-1,1
6,9,29,198,198,198,2,198,0,0,EEN,typical,interf,MATCH,MATCH,a,-1,1,1
6,9,11,184,184,596,2,184,1,412,EEN,typical,no_interf,MATCH,MIS,b,-1,1,-1
6,9,2,198,198,198,2,198,0,0,EEN,atypical,interf,MIS,MATCH,c,-1,-1,1
6,9,5,200,200,200,2,200,0,0,EEN,typical,interf,MATCH,MATCH,a,-1,1,1
6,9,16,192,192,518,2,192,1,326,GEEN,atypical,no_interf,MIS,MIS,h,1,-1,-1
6,9,6,270,270,270,2,270,0,0,GEEN,atypical,interf,MIS,MATCH,g,1,-1,1
6,9,8,212,212,492,2,212,1,280,GEEN,atypical,no_interf,MIS,MIS,h,1,-1,-1
6,9,17,470,470,470,2,470,0,0,GEEN,typical,interf,MATCH,MATCH,e,1,1,1
6,9,32,214,214,214,2,214,0,0,GEEN,atypical,no_interf,MIS,MIS,h,1,-1,-1
6,9,20,278,278,570,2,278,1,292,EEN,atypical,no_interf,MIS,MIS,d,-1,-1,-1
6,9,7,548,548,646,2,548,1,98,GEEN,typical,no_interf,MATCH,MIS,f,1,1,-1
6,9,3,670,670,858,2,670,1,188,EEN,typical,no_interf,MATCH,MIS,b,-1,1,-1
6,9,22,380,380,380,2,380,0,0,GEEN,atypical,interf,MIS,MATCH,g,1,-1,1
6,9,12,496,496,678,2,496,1,182,EEN,atypical,no_interf,MIS,MIS,d,-1,-1,-1
6,9,9,232,232,232,2,232,0,0,GEEN,typical,interf,MATCH,MATCH,e,1,1,1
6,9,19,200,200,200,2,200,0,0,EEN,typical,no_interf,MATCH,MIS,b,-1,1,-1
6,9,27,2014,1580,1580,1,552,1,1028,EEN,typical,no_interf,MATCH,MIS,b,-1,1,-1
6,9,23,206,206,756,2,206,1,550,GEEN,typical,no_interf,MATCH,MIS,f,1,1,-1
6,9,30,236,236,236,2,236,0,0,GEEN,atypical,interf,MIS,MATCH,g,1,-1,1
6,9,18,546,546,546,2,546,0,0,EEN,atypical,interf,MIS,MATCH,c,-1,-1,1
6,9,15,316,316,316,2,316,0,0,GEEN,typical,no_interf,MATCH,MIS,f,1,1,-1
6,9,26,280,280,406,2,280,1,126,EEN,atypical,interf,MIS,MATCH,c,-1,-1,1
6,9,31,216,216,216,2,216,0,0,GEEN,typical,no_interf,MATCH,MIS,f,1,1,-1
6,17,3,536,536,536,2,536,0,0,EEN,typical,no_interf,MATCH,MIS,b,-1,1,-1
6,17,9,720,530,530,1,292,1,238,GEEN,typical,interf,MATCH,MATCH,e,1,1,1
6,17,19,422,422,1060,2,422,1,638,EEN,typical,no_interf,MATCH,MIS,b,-1,1,-1
6,17,31,446,446,620,2,446,1,174,GEEN,typical,no_interf,MATCH,MIS,f,1,1,-1
6,17,11,356,356,794,2,356,1,438,EEN,typical,no_interf,MATCH,MIS,b,-1,1,-1
6,17,15,430,430,696,2,430,1,266,GEEN,typical,no_interf,MATCH,MIS,f,1,1,-1
6,17,16,552,552,950,2,552,1,398,GEEN,atypical,no_interf,MIS,MIS,h,1,-1,-1
6,17,18,686,686,872,2,686,1,186,EEN,atypical,interf,MIS,MATCH,c,-1,-1,1
6,17,23,232,232,1018,2,232,1,786,GEEN,typical,no_interf,MATCH,MIS,f,1,1,-1
6,17,13,826,826,1500,2,826,1,674,EEN,typical,interf,MATCH,MATCH,a,-1,1,1
6,17,29,232,232,394,2,232,1,162,EEN,typical,interf,MATCH,MATCH,a,-1,1,1
6,17,27,186,186,522,2,186,1,336,EEN,typical,no_interf,MATCH,MIS,b,-1,1,-1
6,17,28,380,380,728,2,380,1,348,EEN,atypical,no_interf,MIS,MIS,d,-1,-1,-1
6,17,21,188,188,188,2,188,0,0,EEN,typical,interf,MATCH,MATCH,a,-1,1,1
6,17,17,432,432,432,2,432,0,0,GEEN,typical,interf,MATCH,MATCH,e,1,1,1
6,17,32,1080,686,686,1,236,1,450,GEEN,atypical,no_interf,MIS,MIS,h,1,-1,-1
6,17,26,186,186,186,2,186,0,0,EEN,atypical,interf,MIS,MATCH,c,-1,-1,1
6,17,8,364,364,364,2,364,0,0,GEEN,atypical,no_interf,MIS,MIS,h,1,-1,-1
6,17,12,248,248,248,2,248,0,0,EEN,atypical,no_interf,MIS,MIS,d,-1,-1,-1
6,17,22,346,200,200,1,200,0,0,GEEN,atypical,interf,MIS,MATCH,g,1,-1,1
6,17,20,198,198,468,2,198,1,270,EEN,atypical,no_interf,MIS,MIS,d,-1,-1,-1
6,17,5,232,232,1020,2,232,1,788,EEN,typical,interf,MATCH,MATCH,a,-1,1,1
6,17,7,470,470,1274,2,470,1,804,GEEN,typical,no_interf,MATCH,MIS,f,1,1,-1
6,17,10,1922,1436,1768,1,1400,1,368,EEN,atypical,interf,MIS,MATCH,c,-1,-1,1
6,17,25,398,398,1200,2,398,1,802,GEEN,typical,interf,MATCH,MATCH,e,1,1,1
6,17,2,432,432,974,2,432,1,542,EEN,atypical,interf,MIS,MATCH,c,-1,-1,1
6,17,4,304,304,1448,2,304,1,1144,EEN,atypical,no_interf,MIS,MIS,d,-1,-1,-1
6,17,30,260,260,514,2,260,1,254,GEEN,atypical,interf,MIS,MATCH,g,1,-1,1
6,17,6,446,446,1576,2,446,1,1130,GEEN,atypical,interf,MIS,MATCH,g,1,-1,1
6,25,1,604,248,248,1,158,1,90,GEEN,typical,interf,MATCH,MATCH,e,1,1,1
6,25,6,312,312,312,2,312,0,0,GEEN,atypical,interf,MIS,MATCH,g,1,-1,1
6,25,8,1398,1398,1950,2,1398,1,552,GEEN,atypical,no_interf,MIS,MIS,h,1,-1,-1
6,25,27,542,542,542,2,542,0,0,EEN,typical,no_interf,MATCH,MIS,b,-1,1,-1
6,25,23,174,174,670,2,174,1,496,GEEN,typical,no_interf,MATCH,MIS,f,1,1,-1
6,25,26,166,166,166,2,166,0,0,EEN,atypical,interf,MIS,MATCH,c,-1,-1,1
6,25,2,428,428,738,2,428,1,310,EEN,atypical,interf,MIS,MATCH,c,-1,-1,1
6,25,19,188,188,188,2,188,0,0,EEN,typical,no_interf,MATCH,MIS,b,-1,1,-1
6,25,30,176,176,176,2,176,0,0,GEEN,atypical,interf,MIS,MATCH,g,1,-1,1
6,25,15,604,604,604,2,604,0,0,GEEN,typical,no_interf,MATCH,MIS,f,1,1,-1
6,25,29,184,184,184,2,184,0,0,EEN,typical,interf,MATCH,MATCH,a,-1,1,1
6,25,13,168,168,168,2,168,0,0,EEN,typical,interf,MATCH,MATCH,a,-1,1,1
6,25,25,128,128,128,2,128,0,0,GEEN,typical,interf,MATCH,MATCH,e,1,1,1
6,25,4,796,796,796,2,796,0,0,EEN,atypical,no_interf,MIS,MIS,d,-1,-1,-1
6,25,32,174,174,174,2,174,0,0,GEEN,atypical,no_interf,MIS,MIS,h,1,-1,-1
6,25,20,416,416,416,2,416,0,0,EEN,atypical,no_interf,MIS,MIS,d,-1,-1,-1
6,25,9,270,270,270,2,270,0,0,GEEN,typical,interf,MATCH,MATCH,e,1,1,1
6,25,31,306,306,452,2,306,1,146,GEEN,typical,no_interf,MATCH,MIS,f,1,1,-1
6,25,3,212,212,212,2,212,0,0,EEN,typical,no_interf,MATCH,MIS,b,-1,1,-1
6,25,12,294,294,294,2,294,0,0,EEN,atypical,no_interf,MIS,MIS,d,-1,-1,-1
6,25,10,924,924,924,2,924,0,0,EEN,atypical,interf,MIS,MATCH,c,-1,-1,1
6,25,22,456,456,456,2,456,0,0,GEEN,atypical,interf,MIS,MATCH,g,1,-1,1
6,25,28,906,684,684,1,362,1,322,EEN,atypical,no_interf,MIS,MIS,d,-1,-1,-1
6,25,7,316,316,316,2,316,0,0,GEEN,typical,no_interf,MATCH,MIS,f,1,1,-1
6,25,5,0,0,0,0,0,0,0,EEN,typical,interf,MATCH,MATCH,a,-1,1,1
6,25,18,368,368,368,2,368,0,0,EEN,atypical,interf,MIS,MATCH,c,-1,-1,1
6,25,11,158,158,158,2,158,0,0,EEN,typical,no_interf,MATCH,MIS,b,-1,1,-1
6,25,17,386,386,386,2,386,0,0,GEEN,typical,interf,MATCH,MATCH,e,1,1,1
6,25,21,176,176,176,2,176,0,0,EEN,typical,interf,MATCH,MATCH,a,-1,1,1
6,25,16,534,534,534,2,534,0,0,GEEN,atypical,no_interf,MIS,MIS,h,1,-1,-1
6,33,30,142,142,786,2,142,1,644,GEEN,atypical,interf,MIS,MATCH,g,1,-1,1
6,33,6,264,264,562,2,264,1,298,GEEN,atypical,interf,MIS,MATCH,g,1,-1,1
6,33,9,180,180,348,2,180,1,168,GEEN,typical,interf,MATCH,MATCH,e,1,1,1
6,33,17,644,374,894,1,160,1,734,GEEN,typical,interf,MATCH,MATCH,e,1,1,1
6,33,15,278,278,732,2,278,1,454,GEEN,typical,no_interf,MATCH,MIS,f,1,1,-1
6,33,29,0,0,278,0,0,1,278,EEN,typical,interf,MATCH,MATCH,a,-1,1,1
6,33,2,172,172,172,2,172,0,0,EEN,atypical,interf,MIS,MATCH,c,-1,-1,1
6,33,4,450,290,1114,1,156,1,958,EEN,atypical,no_interf,MIS,MIS,d,-1,-1,-1
6,33,32,176,176,1130,2,176,1,954,GEEN,atypical,no_interf,MIS,MIS,h,1,-1,-1
6,33,18,232,232,392,2,232,1,160,EEN,atypical,interf,MIS,MATCH,c,-1,-1,1
6,33,16,146,146,856,2,146,1,710,GEEN,atypical,no_interf,MIS,MIS,h,1,-1,-1
6,33,3,248,248,554,2,248,1,306,EEN,typical,no_interf,MATCH,MIS,b,-1,1,-1
6,33,25,392,392,790,2,392,1,398,GEEN,typical,interf,MATCH,MATCH,e,1,1,1
6,33,1,150,150,522,2,150,1,372,GEEN,typical,interf,MATCH,MATCH,e,1,1,1
6,33,27,366,366,532,2,366,1,166,EEN,typical,no_interf,MATCH,MIS,b,-1,1,-1
6,33,7,470,176,348,1,176,1,172,GEEN,typical,no_interf,MATCH,MIS,f,1,1,-1
6,33,19,198,198,452,2,198,1,254,EEN,typical,no_interf,MATCH,MIS,b,-1,1,-1
6,33,22,338,190,420,1,190,1,230,GEEN,atypical,interf,MIS,MATCH,g,1,-1,1
6,33,12,156,156,156,2,156,0,0,EEN,atypical,no_interf,MIS,MIS,d,-1,-1,-1
6,33,20,356,356,818,2,356,1,462,EEN,atypical,no_interf,MIS,MIS,d,-1,-1,-1
6,33,11,182,182,182,2,182,0,0,EEN,typical,no_interf,MATCH,MIS,b,-1,1,-1
6,33,8,352,190,428,1,190,1,238,GEEN,atypical,no_interf,MIS,MIS,h,1,-1,-1
6,33,28,138,138,454,2,138,1,316,EEN,atypical,no_interf,MIS,MIS,d,-1,-1,-1
6,33,13,170,170,170,2,170,0,0,EEN,typical,interf,MATCH,MATCH,a,-1,1,1
6,33,21,204,204,204,2,204,0,0,EEN,typical,interf,MATCH,MATCH,a,-1,1,1
6,33,23,184,184,214,2,184,1,30,GEEN,typical,no_interf,MATCH,MIS,f,1,1,-1
6,33,26,408,408,408,2,408,0,0,EEN,atypical,interf,MIS,MATCH,c,-1,-1,1
6,33,5,256,256,256,2,256,0,0,EEN,typical,interf,MATCH,MATCH,a,-1,1,1
6,33,31,160,160,470,2,160,1,310,GEEN,typical,no_interf,MATCH,MIS,f,1,1,-1
6,33,10,374,374,374,2,374,0,0,EEN,atypical,interf,MIS,MATCH,c,-1,-1,1
6,41,25,434,434,708,2,434,1,274,GEEN,typical,interf,MATCH,MATCH,e,1,1,1
6,41,28,214,214,1444,2,214,1,1230,EEN,atypical,no_interf,MIS,MIS,d,-1,-1,-1
6,41,22,212,212,428,2,212,1,216,GEEN,atypical,interf,MIS,MATCH,g,1,-1,1
6,41,19,702,584,980,1,342,1,638,EEN,typical,no_interf,MATCH,MIS,b,-1,1,-1
6,41,20,184,184,184,2,184,0,0,EEN,atypical,no_interf,MIS,MIS,d,-1,-1,-1
6,41,5,176,176,516,2,176,1,340,EEN,typical,interf,MATCH,MATCH,a,-1,1,1
6,41,7,226,226,478,2,226,1,252,GEEN,typical,no_interf,MATCH,MIS,f,1,1,-1
6,41,4,478,478,1404,2,478,1,926,EEN,atypical,no_interf,MIS,MIS,d,-1,-1,-1
6,41,31,446,446,604,2,446,1,158,GEEN,typical,no_interf,MATCH,MIS,f,1,1,-1
6,41,8,0,0,130,0,0,1,130,GEEN,atypical,no_interf,MIS,MIS,h,1,-1,-1
6,41,29,198,198,682,2,198,1,484,EEN,typical,interf,MATCH,MATCH,a,-1,1,1
6,41,11,0,0,266,0,0,1,266,EEN,typical,no_interf,MATCH,MIS,b,-1,1,-1
6,41,10,1352,654,654,1,214,1,440,EEN,atypical,interf,MIS,MATCH,c,-1,-1,1
6,41,21,212,212,530,2,212,1,318,EEN,typical,interf,MATCH,MATCH,a,-1,1,1
6,41,23,218,218,420,2,218,1,202,GEEN,typical,no_interf,MATCH,MIS,f,1,1,-1
6,41,12,226,226,226,2,226,0,0,EEN,atypical,no_interf,MIS,MIS,d,-1,-1,-1
6,41,15,184,184,336,2,184,1,152,GEEN,typical,no_interf,MATCH,MIS,f,1,1,-1
6,41,32,264,264,466,2,264,1,202,GEEN,atypical,no_interf,MIS,MIS,h,1,-1,-1
6,41,18,714,714,862,2,714,1,148,EEN,atypical,interf,MIS,MATCH,c,-1,-1,1
6,41,16,196,196,196,2,196,0,0,GEEN,atypical,no_interf,MIS,MIS,h,1,-1,-1
6,41,6,222,222,554,2,222,1,332,GEEN,atypical,interf,MIS,MATCH,g,1,-1,1
6,41,13,294,294,294,2,294,0,0,EEN,typical,interf,MATCH,MATCH,a,-1,1,1
6,41,26,236,236,236,2,236,0,0,EEN,atypical,interf,MIS,MATCH,c,-1,-1,1
6,41,9,250,250,406,2,250,1,156,GEEN,typical,interf,MATCH,MATCH,e,1,1,1
6,41,3,0,0,218,0,0,1,218,EEN,typical,no_interf,MATCH,MIS,b,-1,1,-1
6,41,27,194,194,194,2,194,0,0,EEN,typical,no_interf,MATCH,MIS,b,-1,1,-1
6,41,17,202,202,202,2,202,0,0,GEEN,typical,interf,MATCH,MATCH,e,1,1,1
6,41,2,222,222,548,2,222,1,326,EEN,atypical,interf,MIS,MATCH,c,-1,-1,1
6,41,1,214,214,440,2,214,1,226,GEEN,typical,interf,MATCH,MATCH,e,1,1,1
6,41,30,238,238,522,2,238,1,284,GEEN,atypical,interf,MIS,MATCH,g,1,-1,1
6,49,25,518,518,1116,2,518,1,598,GEEN,typical,interf,MATCH,MATCH,e,1,1,1
6,49,27,528,342,508,1,342,1,166,EEN,typical,no_interf,MATCH,MIS,b,-1,1,-1
6,49,13,400,400,400,2,400,0,0,EEN,typical,interf,MATCH,MATCH,a,-1,1,1
6,49,30,188,188,472,2,188,1,284,GEEN,atypical,interf,MIS,MATCH,g,1,-1,1
6,49,21,136,136,136,2,136,0,0,EEN,typical,interf,MATCH,MATCH,a,-1,1,1
6,49,20,0,0,434,0,0,1,434,EEN,atypical,no_interf,MIS,MIS,d,-1,-1,-1
6,49,5,356,356,476,2,356,1,120,EEN,typical,interf,MATCH,MATCH,a,-1,1,1
6,49,4,248,248,868,2,248,1,620,EEN,atypical,no_interf,MIS,MIS,d,-1,-1,-1
6,49,2,660,660,836,2,660,1,176,EEN,atypical,interf,MIS,MATCH,c,-1,-1,1
6,49,19,216,216,216,2,216,0,0,EEN,typical,no_interf,MATCH,MIS,b,-1,1,-1
6,49,17,188,188,188,2,188,0,0,GEEN,typical,interf,MATCH,MATCH,e,1,1,1
6,49,12,150,150,150,2,150,0,0,EEN,atypical,no_interf,MIS,MIS,d,-1,-1,-1
6,49,9,944,302,548,1,124,1,424,GEEN,typical,interf,MATCH,MATCH,e,1,1,1
6,49,32,522,244,244,1,110,1,134,GEEN,atypical,no_interf,MIS,MIS,h,1,-1,-1
6,49,10,464,464,464,2,464,0,0,EEN,atypical,interf,MIS,MATCH,c,-1,-1,1
6,49,3,132,132,132,2,132,0,0,EEN,typical,no_interf,MATCH,MIS,b,-1,1,-1
6,49,31,236,236,236,2,236,0,0,GEEN,typical,no_interf,MATCH,MIS,f,1,1,-1
6,49,8,1888,1018,1018,1,152,1,866,GEEN,atypical,no_interf,MIS,MIS,h,1,-1,-1
6,49,26,168,168,168,2,168,0,0,EEN,atypical,interf,MIS,MATCH,c,-1,-1,1
6,49,23,280,280,518,2,280,1,238,GEEN,typical,no_interf,MATCH,MIS,f,1,1,-1
6,49,15,0,0,0,0,0,0,0,GEEN,typical,no_interf,MATCH,MIS,f,1,1,-1
6,49,22,196,196,356,2,196,1,160,GEEN,atypical,interf,MIS,MATCH,g,1,-1,1
6,49,16,1042,734,734,1,134,1,600,GEEN,atypical,no_interf,MIS,MIS,h,1,-1,-1
6,49,28,190,190,468,2,190,1,278,EEN,atypical,no_interf,MIS,MIS,d,-1,-1,-1
6,49,18,966,308,308,1,114,1,194,EEN,atypical,interf,MIS,MATCH,c,-1,-1,1
6,49,29,0,0,406,0,0,1,406,EEN,typical,interf,MATCH,MATCH,a,-1,1,1
6,49,7,190,190,190,2,190,0,0,GEEN,typical,no_interf,MATCH,MIS,f,1,1,-1
6,49,6,664,270,270,1,94,1,176,GEEN,atypical,interf,MIS,MATCH,g,1,-1,1
6,49,1,162,162,496,2,162,1,334,GEEN,typical,interf,MATCH,MATCH,e,1,1,1
6,49,11,300,300,300,2,300,0,0,EEN,typical,no_interf,MATCH,MIS,b,-1,1,-1
6,10,32,592,592,592,2,592,0,0,GEEN,typical,no_interf,MATCH,MIS,f,1,1,-1
6,10,3,256,256,256,2,256,0,0,EEN,atypical,interf,MIS,MATCH,c,-1,-1,1
6,10,28,368,368,1040,2,368,1,672,EEN,typical,no_interf,MATCH,MIS,b,-1,1,-1
6,10,30,322,322,516,2,322,1,194,EEN,typical,interf,MATCH,MATCH,a,-1,1,1
6,10,5,712,712,1192,2,712,1,480,EEN,atypical,no_interf,MIS,MIS,d,-1,-1,-1
6,10,7,438,438,438,2,438,0,0,GEEN,atypical,interf,MIS,MATCH,g,1,-1,1
6,10,4,510,510,1130,2,510,1,620,EEN,typical,no_interf,MATCH,MIS,b,-1,1,-1
6,10,26,480,480,922,2,480,1,442,GEEN,typical,interf,MATCH,MATCH,e,1,1,1
6,10,11,250,250,412,2,250,1,162,EEN,atypical,interf,MIS,MATCH,c,-1,-1,1
6,10,29,218,218,500,2,218,1,282,EEN,atypical,no_interf,MIS,MIS,d,-1,-1,-1
6,10,27,258,258,258,2,258,0,0,EEN,atypical,interf,MIS,MATCH,c,-1,-1,1
6,10,23,210,210,962,2,210,1,752,GEEN,atypical,interf,MIS,MATCH,g,1,-1,1
6,10,12,220,220,220,2,220,0,0,EEN,typical,no_interf,MATCH,MIS,b,-1,1,-1
6,10,21,488,488,488,2,488,0,0,EEN,atypical,no_interf,MIS,MIS,d,-1,-1,-1
6,10,8,194,194,710,2,194,1,516,GEEN,typical,no_interf,MATCH,MIS,f,1,1,-1
6,10,16,170,170,170,2,170,0,0,GEEN,typical,no_interf,MATCH,MIS,f,1,1,-1
6,10,9,364,364,364,2,364,0,0,GEEN,atypical,no_interf,MIS,MIS,h,1,-1,-1
6,10,6,206,206,458,2,206,1,252,EEN,typical,interf,MATCH,MATCH,a,-1,1,1
6,10,17,226,226,226,2,226,0,0,GEEN,atypical,no_interf,MIS,MIS,h,1,-1,-1
6,10,1,302,302,694,2,302,1,392,GEEN,atypical,no_interf,MIS,MIS,h,1,-1,-1
6,10,19,182,182,182,2,182,0,0,EEN,atypical,interf,MIS,MATCH,c,-1,-1,1
6,10,15,930,626,626,1,392,1,234,GEEN,atypical,interf,MIS,MATCH,g,1,-1,1
6,10,25,358,358,358,2,358,0,0,GEEN,atypical,no_interf,MIS,MIS,h,1,-1,-1
6,10,31,504,394,608,1,164,1,444,GEEN,atypical,interf,MIS,MATCH,g,1,-1,1
6,10,10,628,628,628,2,628,0,0,GEEN,typical,interf,MATCH,MATCH,e,1,1,1
6,10,2,154,154,344,2,154,1,190,GEEN,typical,interf,MATCH,MATCH,e,1,1,1
6,10,22,258,258,258,2,258,0,0,EEN,typical,interf,MATCH,MATCH,a,-1,1,1
6,10,13,194,194,194,2,194,0,0,EEN,atypical,no_interf,MIS,MIS,d,-1,-1,-1
6,10,20,146,146,146,2,146,0,0,EEN,typical,no_interf,MATCH,MIS,b,-1,1,-1
6,10,18,360,360,360,2,360,0,0,GEEN,typical,interf,MATCH,MATCH,e,1,1,1
6,18,4,172,172,548,2,172,1,376,EEN,typical,no_interf,MATCH,MIS,b,-1,1,-1
6,18,11,278,278,844,2,278,1,566,EEN,atypical,interf,MIS,MATCH,c,-1,-1,1
6,18,25,214,214,820,2,214,1,606,GEEN,atypical,no_interf,MIS,MIS,h,1,-1,-1
6,18,20,184,184,400,2,184,1,216,EEN,typical,no_interf,MATCH,MIS,b,-1,1,-1
6,18,17,210,210,1336,2,210,1,1126,GEEN,atypical,no_interf,MIS,MIS,h,1,-1,-1
6,18,6,1462,246,1096,1,54,1,1042,EEN,typical,interf,MATCH,MATCH,a,-1,1,1
6,18,13,184,184,550,2,184,1,366,EEN,atypical,no_interf,MIS,MIS,d,-1,-1,-1
6,18,29,362,362,362,2,362,0,0,EEN,atypical,no_interf,MIS,MIS,d,-1,-1,-1
6,18,27,874,644,990,1,464,1,526,EEN,atypical,interf,MIS,MATCH,c,-1,-1,1
6,18,7,396,396,1162,2,396,1,766,GEEN,atypical,interf,MIS,MATCH,g,1,-1,1
6,18,3,388,388,858,2,388,1,470,EEN,atypical,interf,MIS,MATCH,c,-1,-1,1
6,18,9,296,296,832,2,296,1,536,GEEN,atypical,no_interf,MIS,MIS,h,1,-1,-1
6,18,8,206,206,804,2,206,1,598,GEEN,typical,no_interf,MATCH,MIS,f,1,1,-1
6,18,18,984,490,914,1,178,1,736,GEEN,typical,interf,MATCH,MATCH,e,1,1,1
6,18,16,234,234,426,2,234,1,192,GEEN,typical,no_interf,MATCH,MIS,f,1,1,-1
6,18,30,152,152,316,2,152,1,164,EEN,typical,interf,MATCH,MATCH,a,-1,1,1
6,18,21,360,360,542,2,360,1,182,EEN,atypical,no_interf,MIS,MIS,d,-1,-1,-1
6,18,22,170,170,402,2,170,1,232,EEN,typical,interf,MATCH,MATCH,a,-1,1,1
6,18,31,944,578,1278,1,266,1,1012,GEEN,atypical,interf,MIS,MATCH,g,1,-1,1
6,18,19,358,358,562,2,358,1,204,EEN,atypical,interf,MIS,MATCH,c,-1,-1,1
6,18,12,238,238,570,2,238,1,332,EEN,typical,no_interf,MATCH,MIS,b,-1,1,-1
6,18,2,192,192,1234,2,192,1,1042,GEEN,typical,interf,MATCH,MATCH,e,1,1,1
6,18,32,340,340,340,2,340,0,0,GEEN,typical,no_interf,MATCH,MIS,f,1,1,-1
6,18,28,162,162,162,2,162,0,0,EEN,typical,no_interf,MATCH,MIS,b,-1,1,-1
6,18,26,204,204,400,2,204,1,196,GEEN,typical,interf,MATCH,MATCH,e,1,1,1
6,18,15,560,560,1232,2,560,1,672,GEEN,atypical,interf,MIS,MATCH,g,1,-1,1
6,18,5,682,462,894,1,284,1,610,EEN,atypical,no_interf,MIS,MIS,d,-1,-1,-1
6,18,10,1052,784,1164,1,322,1,842,GEEN,typical,interf,MATCH,MATCH,e,1,1,1
6,18,1,228,228,876,2,228,1,648,GEEN,atypical,no_interf,MIS,MIS,h,1,-1,-1
6,18,23,204,204,1220,2,204,1,1016,GEEN,atypical,interf,MIS,MATCH,g,1,-1,1
6,26,10,328,328,328,2,328,0,0,GEEN,typical,interf,MATCH,MATCH,e,1,1,1
6,26,25,1126,568,990,1,174,1,816,GEEN,atypical,no_interf,MIS,MIS,h,1,-1,-1
6,26,9,126,126,126,2,126,0,0,GEEN,atypical,no_interf,MIS,MIS,h,1,-1,-1
6,26,32,340,340,340,2,340,0,0,GEEN,typical,no_interf,MATCH,MIS,f,1,1,-1
6,26,29,768,388,854,1,170,1,684,EEN,atypical,no_interf,MIS,MIS,d,-1,-1,-1
6,26,7,2838,914,1342,1,178,1,1164,GEEN,atypical,interf,MIS,MATCH,g,1,-1,1
6,26,13,392,392,652,2,392,1,260,EEN,atypical,no_interf,MIS,MIS,d,-1,-1,-1
6,26,22,292,292,292,2,292,0,0,EEN,typical,interf,MATCH,MATCH,a,-1,1,1
6,26,20,358,358,358,2,358,0,0,EEN,typical,no_interf,MATCH,MIS,b,-1,1,-1
6,26,26,204,204,204,2,204,0,0,GEEN,typical,interf,MATCH,MATCH,e,1,1,1
6,26,30,274,274,274,2,274,0,0,EEN,typical,interf,MATCH,MATCH,a,-1,1,1
6,26,28,440,440,440,2,440,0,0,EEN,typical,no_interf,MATCH,MIS,b,-1,1,-1
6,26,8,444,444,444,2,444,0,0,GEEN,typical,no_interf,MATCH,MIS,f,1,1,-1
6,26,17,304,304,1218,2,304,1,914,GEEN,atypical,no_interf,MIS,MIS,h,1,-1,-1
6,26,27,302,302,496,2,302,1,194,EEN,atypical,interf,MIS,MATCH,c,-1,-1,1
6,26,4,386,386,566,2,386,1,180,EEN,typical,no_interf,MATCH,MIS,b,-1,1,-1
6,26,19,458,354,354,1,168,1,186,EEN,atypical,interf,MIS,MATCH,c,-1,-1,1
6,26,15,1122,380,380,1,210,1,170,GEEN,atypical,interf,MIS,MATCH,g,1,-1,1
6,26,6,594,594,1646,2,594,1,1052,EEN,typical,interf,MATCH,MATCH,a,-1,1,1
6,26,2,184,184,484,2,184,1,300,GEEN,typical,interf,MATCH,MATCH,e,1,1,1
6,26,23,236,236,636,2,236,1,400,GEEN,atypical,interf,MIS,MATCH,g,1,-1,1
6,26,21,174,174,174,2,174,0,0,EEN,atypical,no_interf,MIS,MIS,d,-1,-1,-1
6,26,12,202,202,202,2,202,0,0,EEN,typical,no_interf,MATCH,MIS,b,-1,1,-1
6,26,11,468,468,1260,2,468,1,792,EEN,atypical,interf,MIS,MATCH,c,-1,-1,1
6,26,18,564,564,564,2,564,0,0,GEEN,typical,interf,MATCH,MATCH,e,1,1,1
6,26,1,0,0,356,0,0,1,356,GEEN,atypical,no_interf,MIS,MIS,h,1,-1,-1
6,26,3,350,350,520,2,350,1,170,EEN,atypical,interf,MIS,MATCH,c,-1,-1,1
6,26,16,212,212,212,2,212,0,0,GEEN,typical,no_interf,MATCH,MIS,f,1,1,-1
6,26,31,220,220,548,2,220,1,328,GEEN,atypical,interf,MIS,MATCH,g,1,-1,1
6,26,5,356,356,356,2,356,0,0,EEN,atypical,no_interf,MIS,MIS,d,-1,-1,-1
6,42,18,190,190,190,2,190,0,0,GEEN,typical,interf,MATCH,MATCH,e,1,1,1
6,42,25,1056,658,658,1,212,1,446,GEEN,atypical,no_interf,MIS,MIS,h,1,-1,-1
6,42,17,414,414,414,2,414,0,0,GEEN,atypical,no_interf,MIS,MIS,h,1,-1,-1
6,42,29,224,224,576,2,224,1,352,EEN,atypical,no_interf,MIS,MIS,d,-1,-1,-1
6,42,4,196,196,196,2,196,0,0,EEN,typical,no_interf,MATCH,MIS,b,-1,1,-1
6,42,9,188,188,346,2,188,1,158,GEEN,atypical,no_interf,MIS,MIS,h,1,-1,-1
6,42,7,260,260,768,2,260,1,508,GEEN,atypical,interf,MIS,MATCH,g,1,-1,1
6,42,30,168,168,168,2,168,0,0,EEN,typical,interf,MATCH,MATCH,a,-1,1,1
6,42,8,188,188,188,2,188,0,0,GEEN,typical,no_interf,MATCH,MIS,f,1,1,-1
6,42,1,386,386,386,2,386,0,0,GEEN,atypical,no_interf,MIS,MIS,h,1,-1,-1
6,42,15,514,514,680,2,514,1,166,GEEN,atypical,interf,MIS,MATCH,g,1,-1,1
6,42,32,234,234,234,2,234,0,0,GEEN,typical,no_interf,MATCH,MIS,f,1,1,-1
6,42,19,420,420,666,2,420,1,246,EEN,atypical,interf,MIS,MATCH,c,-1,-1,1
6,42,10,438,438,626,2,438,1,188,GEEN,typical,interf,MATCH,MATCH,e,1,1,1
6,42,31,196,196,676,2,196,1,480,GEEN,atypical,interf,MIS,MATCH,g,1,-1,1
6,42,26,192,192,300,2,192,1,108,GEEN,typical,interf,MATCH,MATCH,e,1,1,1
6,42,11,428,428,428,2,428,0,0,EEN,atypical,interf,MIS,MATCH,c,-1,-1,1
6,42,21,176,176,492,2,176,1,316,EEN,atypical,no_interf,MIS,MIS,d,-1,-1,-1
6,42,3,240,240,240,2,240,0,0,EEN,atypical,interf,MIS,MATCH,c,-1,-1,1
6,42,6,204,204,388,2,204,1,184,EEN,typical,interf,MATCH,MATCH,a,-1,1,1
6,42,27,438,438,438,2,438,0,0,EEN,atypical,interf,MIS,MATCH,c,-1,-1,1
6,42,2,190,190,190,2,190,0,0,GEEN,typical,interf,MATCH,MATCH,e,1,1,1
6,42,16,222,222,658,2,222,1,436,GEEN,typical,no_interf,MATCH,MIS,f,1,1,-1
6,42,28,190,190,190,2,190,0,0,EEN,typical,no_interf,MATCH,MIS,b,-1,1,-1
6,42,12,244,244,244,2,244,0,0,EEN,typical,no_interf,MATCH,MIS,b,-1,1,-1
6,42,13,216,216,216,2,216,0,0,EEN,atypical,no_interf,MIS,MIS,d,-1,-1,-1
6,42,22,254,254,254,2,254,0,0,EEN,typical,interf,MATCH,MATCH,a,-1,1,1
6,42,20,210,210,210,2,210,0,0,EEN,typical,no_interf,MATCH,MIS,b,-1,1,-1
6,42,5,256,256,256,2,256,0,0,EEN,atypical,no_interf,MIS,MIS,d,-1,-1,-1
6,42,23,512,512,512,2,512,0,0,GEEN,atypical,interf,MIS,MATCH,g,1,-1,1
6,45,5,0,0,392,0,0,1,392,EEN,atypical,no_interf,MIS,MIS,d,-1,-1,-1
6,45,6,180,180,332,2,180,1,152,EEN,typical,interf,MATCH,MATCH,a,-1,1,1
6,45,32,464,230,230,1,230,0,0,GEEN,typical,no_interf,MATCH,MIS,f,1,1,-1
6,45,8,0,0,0,0,0,0,0,GEEN,typical,no_interf,MATCH,MIS,f,1,1,-1
6,45,18,238,238,574,2,238,1,336,GEEN,typical,interf,MATCH,MATCH,e,1,1,1
6,45,25,0,0,414,0,0,1,414,GEEN,atypical,no_interf,MIS,MIS,h,1,-1,-1
6,45,11,158,158,158,2,158,0,0,EEN,atypical,interf,MIS,MATCH,c,-1,-1,1
6,45,26,170,170,170,2,170,0,0,GEEN,typical,interf,MATCH,MATCH,e,1,1,1
6,45,12,202,202,202,2,202,0,0,EEN,typical,no_interf,MATCH,MIS,b,-1,1,-1
6,45,9,258,258,258,2,258,0,0,GEEN,atypical,no_interf,MIS,MIS,h,1,-1,-1
6,45,1,514,384,758,1,174,1,584,GEEN,atypical,no_interf,MIS,MIS,h,1,-1,-1
6,45,21,192,192,478,2,192,1,286,EEN,atypical,no_interf,MIS,MIS,d,-1,-1,-1
6,45,20,180,180,180,2,180,0,0,EEN,typical,no_interf,MATCH,MIS,b,-1,1,-1
6,45,7,176,176,820,2,176,1,644,GEEN,atypical,interf,MIS,MATCH,g,1,-1,1
6,45,2,182,182,398,2,182,1,216,GEEN,typical,interf,MATCH,MATCH,e,1,1,1
6,45,10,198,198,198,2,198,0,0,GEEN,typical,interf,MATCH,MATCH,e,1,1,1
6,45,13,196,196,380,2,196,1,184,EEN,atypical,no_interf,MIS,MIS,d,-1,-1,-1
6,45,4,186,186,430,2,186,1,244,EEN,typical,no_interf,MATCH,MIS,b,-1,1,-1
6,45,16,0,0,172,0,0,1,172,GEEN,typical,no_interf,MATCH,MIS,f,1,1,-1
6,45,30,194,194,194,2,194,0,0,EEN,typical,interf,MATCH,MATCH,a,-1,1,1
6,45,22,212,212,212,2,212,0,0,EEN,typical,interf,MATCH,MATCH,a,-1,1,1
6,45,15,508,508,508,2,508,0,0,GEEN,atypical,interf,MIS,MATCH,g,1,-1,1
6,45,19,196,196,334,2,196,1,138,EEN,atypical,interf,MIS,MATCH,c,-1,-1,1
6,45,3,196,196,196,2,196,0,0,EEN,atypical,interf,MIS,MATCH,c,-1,-1,1
6,45,29,0,0,174,0,0,1,174,EEN,atypical,no_interf,MIS,MIS,d,-1,-1,-1
6,45,17,0,0,0,0,0,0,0,GEEN,atypical,no_interf,MIS,MIS,h,1,-1,-1
6,45,31,0,0,0,0,0,0,0,GEEN,atypical,interf,MIS,MATCH,g,1,-1,1
6,45,23,184,184,374,2,184,1,190,GEEN,atypical,interf,MIS,MATCH,g,1,-1,1
6,45,27,160,160,160,2,160,0,0,EEN,atypical,interf,MIS,MATCH,c,-1,-1,1
6,45,28,176,176,176,2,176,0,0,EEN,typical,no_interf,MATCH,MIS,b,-1,1,-1
6,48,26,204,204,204,2,204,0,0,GEEN,typical,interf,MATCH,MATCH,e,1,1,1
6,48,32,0,0,0,0,0,0,0,GEEN,typical,no_interf,MATCH,MIS,f,1,1,-1
6,48,17,152,152,152,2,152,0,0,GEEN,atypical,no_interf,MIS,MIS,h,1,-1,-1
6,48,19,370,370,370,2,370,0,0,EEN,atypical,interf,MIS,MATCH,c,-1,-1,1
6,48,18,202,202,202,2,202,0,0,GEEN,typical,interf,MATCH,MATCH,e,1,1,1
6,48,16,182,182,182,2,182,0,0,GEEN,typical,no_interf,MATCH,MIS,f,1,1,-1
6,48,15,712,342,548,1,162,1,386,GEEN,atypical,interf,MIS,MATCH,g,1,-1,1
6,48,30,154,154,154,2,154,0,0,EEN,typical,interf,MATCH,MATCH,a,-1,1,1
6,48,29,252,252,252,2,252,0,0,EEN,atypical,no_interf,MIS,MIS,d,-1,-1,-1
6,48,20,260,260,260,2,260,0,0,EEN,typical,no_interf,MATCH,MIS,b,-1,1,-1
6,48,7,1074,788,788,1,272,1,516,GEEN,atypical,interf,MIS,MATCH,g,1,-1,1
6,48,5,432,432,432,2,432,0,0,EEN,atypical,no_interf,MIS,MIS,d,-1,-1,-1
6,48,12,194,194,402,2,194,1,208,EEN,typical,no_interf,MATCH,MIS,b,-1,1,-1
6,48,27,448,448,448,2,448,0,0,EEN,atypical,interf,MIS,MATCH,c,-1,-1,1
6,48,31,268,268,422,2,268,1,154,GEEN,atypical,interf,MIS,MATCH,g,1,-1,1
6,48,6,484,484,484,2,484,0,0,EEN,typical,interf,MATCH,MATCH,a,-1,1,1
6,48,11,242,242,658,2,242,1,416,EEN,atypical,interf,MIS,MATCH,c,-1,-1,1
6,48,8,184,184,184,2,184,0,0,GEEN,typical,no_interf,MATCH,MIS,f,1,1,-1
6,48,25,452,452,452,2,452,0,0,GEEN,atypical,no_interf,MIS,MIS,h,1,-1,-1
6,48,22,162,162,162,2,162,0,0,EEN,typical,interf,MATCH,MATCH,a,-1,1,1
6,48,23,198,198,198,2,198,0,0,GEEN,atypical,interf,MIS,MATCH,g,1,-1,1
6,48,9,540,540,720,2,540,1,180,GEEN,atypical,no_interf,MIS,MIS,h,1,-1,-1
6,48,3,172,172,172,2,172,0,0,EEN,atypical,interf,MIS,MATCH,c,-1,-1,1
6,48,28,180,180,180,2,180,0,0,EEN,typical,no_interf,MATCH,MIS,b,-1,1,-1
6,48,10,170,170,170,2,170,0,0,GEEN,typical,interf,MATCH,MATCH,e,1,1,1
6,48,21,198,198,296,2,198,1,98,EEN,atypical,no_interf,MIS,MIS,d,-1,-1,-1
6,48,1,0,0,190,0,0,1,190,GEEN,atypical,no_interf,MIS,MIS,h,1,-1,-1
6,48,4,232,232,232,2,232,0,0,EEN,typical,no_interf,MATCH,MIS,b,-1,1,-1
6,48,2,200,200,306,2,200,1,106,GEEN,typical,interf,MATCH,MATCH,e,1,1,1
6,48,13,190,190,342,2,190,1,152,EEN,atypical,no_interf,MIS,MIS,d,-1,-1,-1
6,11,2,694,264,738,1,58,1,680,GEEN,atypical,no_interf,MIS,MIS,h,1,-1,-1
6,11,8,208,208,1142,2,208,1,934,GEEN,atypical,interf,MIS,MATCH,g,1,-1,1
6,11,6,230,230,1146,2,230,1,916,EEN,atypical,no_interf,MIS,MIS,d,-1,-1,-1
6,11,1,280,280,712,2,280,1,432,GEEN,typical,no_interf,MATCH,MIS,f,1,1,-1
6,11,30,0,0,656,0,0,1,656,EEN,atypical,no_interf,MIS,MIS,d,-1,-1,-1
6,11,21,172,172,336,2,172,1,164,EEN,typical,no_interf,MATCH,MIS,b,-1,1,-1
6,11,16,726,336,694,1,184,1,510,GEEN,atypical,interf,MIS,MATCH,g,1,-1,1
6,11,27,184,184,378,2,184,1,194,GEEN,typical,interf,MATCH,MATCH,e,1,1,1
6,11,29,0,0,460,0,0,1,460,EEN,typical,no_interf,MATCH,MIS,b,-1,1,-1
6,11,19,208,208,742,2,208,1,534,GEEN,typical,interf,MATCH,MATCH,e,1,1,1
6,11,18,554,376,622,1,158,1,464,GEEN,atypical,no_interf,MIS,MIS,h,1,-1,-1
6,11,32,288,288,826,2,288,1,538,GEEN,atypical,interf,MIS,MATCH,g,1,-1,1
6,11,3,372,372,590,2,372,1,218,GEEN,typical,interf,MATCH,MATCH,e,1,1,1
6,11,7,754,602,602,1,134,1,468,EEN,typical,interf,MATCH,MATCH,a,-1,1,1
6,11,17,218,218,218,2,218,0,0,GEEN,typical,no_interf,MATCH,MIS,f,1,1,-1
6,11,11,550,164,324,1,164,1,160,GEEN,typical,interf,MATCH,MATCH,e,1,1,1
6,11,10,168,168,774,2,168,1,606,GEEN,atypical,no_interf,MIS,MIS,h,1,-1,-1
6,11,9,494,494,1042,2,494,1,548,GEEN,typical,no_interf,MATCH,MIS,f,1,1,-1
6,11,15,232,232,542,2,232,1,310,EEN,typical,interf,MATCH,MATCH,a,-1,1,1
6,11,12,122,122,122,2,122,0,0,EEN,atypical,interf,MIS,MATCH,c,-1,-1,1
6,11,22,202,202,492,2,202,1,290,EEN,atypical,no_interf,MIS,MIS,d,-1,-1,-1
6,11,23,202,202,700,2,202,1,498,EEN,typical,interf,MATCH,MATCH,a,-1,1,1
6,11,26,270,270,594,2,270,1,324,GEEN,atypical,no_interf,MIS,MIS,h,1,-1,-1
6,11,25,330,330,630,2,330,1,300,GEEN,typical,no_interf,MATCH,MIS,f,1,1,-1
6,11,5,0,0,546,0,0,1,546,EEN,typical,no_interf,MATCH,MIS,b,-1,1,-1
6,11,20,360,360,360,2,360,0,0,EEN,atypical,interf,MIS,MATCH,c,-1,-1,1
6,11,31,218,218,492,2,218,1,274,EEN,typical,interf,MATCH,MATCH,a,-1,1,1
6,11,13,258,258,914,2,258,1,656,EEN,typical,no_interf,MATCH,MIS,b,-1,1,-1
6,11,28,0,0,804,0,0,1,804,EEN,atypical,interf,MIS,MATCH,c,-1,-1,1
6,11,4,154,154,330,2,154,1,176,EEN,atypical,interf,MIS,MATCH,c,-1,-1,1
6,19,7,1310,838,838,1,156,1,682,EEN,typical,interf,MATCH,MATCH,a,-1,1,1
6,19,32,474,474,474,2,474,0,0,GEEN,atypical,interf,MIS,MATCH,g,1,-1,1
6,19,28,212,212,212,2,212,0,0,EEN,atypical,interf,MIS,MATCH,c,-1,-1,1
6,19,17,554,554,554,2,554,0,0,GEEN,typical,no_interf,MATCH,MIS,f,1,1,-1
6,19,23,200,200,1008,2,200,1,808,EEN,typical,interf,MATCH,MATCH,a,-1,1,1
6,19,27,210,210,210,2,210,0,0,GEEN,typical,interf,MATCH,MATCH,e,1,1,1
6,19,20,276,276,276,2,276,0,0,EEN,atypical,interf,MIS,MATCH,c,-1,-1,1
6,19,1,246,246,246,2,246,0,0,GEEN,typical,no_interf,MATCH,MIS,f,1,1,-1
6,19,31,472,472,472,2,472,0,0,EEN,typical,interf,MATCH,MATCH,a,-1,1,1
6,19,19,198,198,198,2,198,0,0,GEEN,typical,interf,MATCH,MATCH,e,1,1,1
6,19,16,186,186,186,2,186,0,0,GEEN,atypical,interf,MIS,MATCH,g,1,-1,1
6,19,15,242,242,242,2,242,0,0,EEN,typical,interf,MATCH,MATCH,a,-1,1,1
6,19,10,410,410,828,2,410,1,418,GEEN,atypical,no_interf,MIS,MIS,h,1,-1,-1
6,19,21,174,174,174,2,174,0,0,EEN,typical,no_interf,MATCH,MIS,b,-1,1,-1
6,19,2,200,200,200,2,200,0,0,GEEN,atypical,no_interf,MIS,MIS,h,1,-1,-1
6,19,3,182,182,182,2,182,0,0,GEEN,typical,interf,MATCH,MATCH,e,1,1,1
6,19,25,300,300,300,2,300,0,0,GEEN,typical,no_interf,MATCH,MIS,f,1,1,-1
6,19,22,788,528,528,1,324,1,204,EEN,atypical,no_interf,MIS,MIS,d,-1,-1,-1
6,19,12,238,238,400,2,238,1,162,EEN,atypical,interf,MIS,MATCH,c,-1,-1,1
6,19,9,586,586,586,2,586,0,0,GEEN,typical,no_interf,MATCH,MIS,f,1,1,-1
6,19,29,264,264,564,2,264,1,300,EEN,typical,no_interf,MATCH,MIS,b,-1,1,-1
6,19,6,200,200,200,2,200,0,0,EEN,atypical,no_interf,MIS,MIS,d,-1,-1,-1
6,19,30,210,210,210,2,210,0,0,EEN,atypical,no_interf,MIS,MIS,d,-1,-1,-1
6,19,8,488,488,488,2,488,0,0,GEEN,atypical,interf,MIS,MATCH,g,1,-1,1
6,19,26,282,282,282,2,282,0,0,GEEN,atypical,no_interf,MIS,MIS,h,1,-1,-1
6,19,4,404,404,404,2,404,0,0,EEN,atypical,interf,MIS,MATCH,c,-1,-1,1
6,19,11,194,194,194,2,194,0,0,GEEN,typical,interf,MATCH,MATCH,e,1,1,1
6,19,5,0,0,660,0,0,1,660,EEN,typical,no_interf,MATCH,MIS,b,-1,1,-1
6,19,18,180,180,180,2,180,0,0,GEEN,atypical,no_interf,MIS,MIS,h,1,-1,-1
6,19,13,182,182,182,2,182,0,0,EEN,typical,no_interf,MATCH,MIS,b,-1,1,-1
6,27,17,254,254,1022,2,254,1,768,GEEN,typical,no_interf,MATCH,MIS,f,1,1,-1
6,27,22,1150,646,1240,1,160,1,1080,EEN,atypical,no_interf,MIS,MIS,d,-1,-1,-1
6,27,5,196,196,540,2,196,1,344,EEN,typical,no_interf,MATCH,MIS,b,-1,1,-1
6,27,6,204,204,1498,2,204,1,1294,EEN,atypical,no_interf,MIS,MIS,d,-1,-1,-1
6,27,29,178,178,178,2,178,0,0,EEN,typical,no_interf,MATCH,MIS,b,-1,1,-1
6,27,1,340,340,864,2,340,1,524,GEEN,typical,no_interf,MATCH,MIS,f,1,1,-1
6,27,7,352,352,594,2,352,1,242,EEN,typical,interf,MATCH,MATCH,a,-1,1,1
6,27,12,256,256,478,2,256,1,222,EEN,atypical,interf,MIS,MATCH,c,-1,-1,1
6,27,8,202,202,1426,2,202,1,1224,GEEN,atypical,interf,MIS,MATCH,g,1,-1,1
6,27,13,208,208,296,2,208,1,88,EEN,typical,no_interf,MATCH,MIS,b,-1,1,-1
6,27,31,206,206,888,2,206,1,682,EEN,typical,interf,MATCH,MATCH,a,-1,1,1
6,27,32,192,192,320,2,192,1,128,GEEN,atypical,interf,MIS,MATCH,g,1,-1,1
6,27,2,188,188,1820,2,188,1,1632,GEEN,atypical,no_interf,MIS,MIS,h,1,-1,-1
6,27,18,168,168,382,2,168,1,214,GEEN,atypical,no_interf,MIS,MIS,h,1,-1,-1
6,27,25,294,294,1394,2,294,1,1100,GEEN,typical,no_interf,MATCH,MIS,f,1,1,-1
6,27,23,196,196,412,2,196,1,216,EEN,typical,interf,MATCH,MATCH,a,-1,1,1
6,27,28,154,154,330,2,154,1,176,EEN,atypical,interf,MIS,MATCH,c,-1,-1,1
6,27,3,50,50,540,2,50,1,490,GEEN,typical,interf,MATCH,MATCH,e,1,1,1
6,27,15,136,136,1476,2,136,1,1340,EEN,typical,interf,MATCH,MATCH,a,-1,1,1
6,27,27,116,116,456,2,116,1,340,GEEN,typical,interf,MATCH,MATCH,e,1,1,1
6,27,4,182,182,474,2,182,1,292,EEN,atypical,interf,MIS,MATCH,c,-1,-1,1
6,27,16,274,274,1004,2,274,1,730,GEEN,atypical,interf,MIS,MATCH,g,1,-1,1
6,27,21,126,126,278,2,126,1,152,EEN,typical,no_interf,MATCH,MIS,b,-1,1,-1
6,27,11,0,0,164,0,0,1,164,GEEN,typical,interf,MATCH,MATCH,e,1,1,1
6,27,20,178,178,1022,2,178,1,844,EEN,atypical,interf,MIS,MATCH,c,-1,-1,1
6,27,10,192,192,1194,2,192,1,1002,GEEN,atypical,no_interf,MIS,MIS,h,1,-1,-1
6,27,19,192,192,374,2,192,1,182,GEEN,typical,interf,MATCH,MATCH,e,1,1,1
6,27,26,262,262,640,2,262,1,378,GEEN,atypical,no_interf,MIS,MIS,h,1,-1,-1
6,27,30,250,250,790,2,250,1,540,EEN,atypical,no_interf,MIS,MIS,d,-1,-1,-1
6,27,9,174,174,446,2,174,1,272,GEEN,typical,no_interf,MATCH,MIS,f,1,1,-1
6,35,32,552,346,454,1,346,1,108,GEEN,atypical,interf,MIS,MATCH,g,1,-1,1
6,35,6,492,492,492,2,492,0,0,EEN,atypical,no_interf,MIS,MIS,d,-1,-1,-1
6,35,17,432,432,432,2,432,0,0,GEEN,typical,no_interf,MATCH,MIS,f,1,1,-1
6,35,15,404,404,404,2,404,0,0,EEN,typical,interf,MATCH,MATCH,a,-1,1,1
6,35,31,210,210,210,2,210,0,0,EEN,typical,interf,MATCH,MATCH,a,-1,1,1
6,35,11,1154,764,764,1,214,1,550,GEEN,typical,interf,MATCH,MATCH,e,1,1,1
6,35,3,436,436,436,2,436,0,0,GEEN,typical,interf,MATCH,MATCH,e,1,1,1
6,35,21,322,322,322,2,322,0,0,EEN,typical,no_interf,MATCH,MIS,b,-1,1,-1
6,35,30,210,210,210,2,210,0,0,EEN,atypical,no_interf,MIS,MIS,d,-1,-1,-1
6,35,10,466,466,466,2,466,0,0,GEEN,atypical,no_interf,MIS,MIS,h,1,-1,-1
6,35,13,290,290,290,2,290,0,0,EEN,typical,no_interf,MATCH,MIS,b,-1,1,-1
6,35,16,318,318,504,2,318,1,186,GEEN,atypical,interf,MIS,MATCH,g,1,-1,1
6,35,28,498,498,588,2,498,1,90,EEN,atypical,interf,MIS,MATCH,c,-1,-1,1
6,35,19,198,198,198,2,198,0,0,GEEN,typical,interf,MATCH,MATCH,e,1,1,1
6,35,7,172,172,232,2,172,1,60,EEN,typical,interf,MATCH,MATCH,a,-1,1,1
6,35,1,690,690,690,2,690,0,0,GEEN,typical,no_interf,MATCH,MIS,f,1,1,-1
6,35,2,810,810,810,2,810,0,0,GEEN,atypical,no_interf,MIS,MIS,h,1,-1,-1
6,35,23,210,210,534,2,210,1,324,EEN,typical,interf,MATCH,MATCH,a,-1,1,1
6,35,18,828,238,238,1,238,0,0,GEEN,atypical,no_interf,MIS,MIS,h,1,-1,-1
6,35,27,1020,604,604,1,276,1,328,GEEN,typical,interf,MATCH,MATCH,e,1,1,1
6,35,20,400,400,400,2,400,0,0,EEN,atypical,interf,MIS,MATCH,c,-1,-1,1
6,35,26,0,0,74,0,0,1,74,GEEN,atypical,no_interf,MIS,MIS,h,1,-1,-1
6,35,9,238,238,238,2,238,0,0,GEEN,typical,no_interf,MATCH,MIS,f,1,1,-1
6,35,22,0,0,164,0,0,1,164,EEN,atypical,no_interf,MIS,MIS,d,-1,-1,-1
6,35,25,174,174,174,2,174,0,0,GEEN,typical,no_interf,MATCH,MIS,f,1,1,-1
6,35,8,300,300,300,2,300,0,0,GEEN,atypical,interf,MIS,MATCH,g,1,-1,1
6,35,12,168,168,168,2,168,0,0,EEN,atypical,interf,MIS,MATCH,c,-1,-1,1
6,35,4,174,174,414,2,174,1,240,EEN,atypical,interf,MIS,MATCH,c,-1,-1,1
6,35,5,148,148,148,2,148,0,0,EEN,typical,no_interf,MATCH,MIS,b,-1,1,-1
6,35,29,186,186,186,2,186,0,0,EEN,typical,no_interf,MATCH,MIS,b,-1,1,-1
6,43,15,450,450,688,2,450,1,238,EEN,typical,interf,MATCH,MATCH,a,-1,1,1
6,43,11,0,0,148,0,0,1,148,GEEN,typical,interf,MATCH,MATCH,e,1,1,1
6,43,20,118,118,118,2,118,0,0,EEN,atypical,interf,MIS,MATCH,c,-1,-1,1
6,43,9,0,0,0,0,0,0,0,GEEN,typical,no_interf,MATCH,MIS,f,1,1,-1
6,43,16,0,0,416,0,0,1,416,GEEN,atypical,interf,MIS,MATCH,g,1,-1,1
6,43,2,170,170,352,2,170,1,182,GEEN,atypical,no_interf,MIS,MIS,h,1,-1,-1
6,43,4,0,0,0,0,0,0,0,EEN,atypical,interf,MIS,MATCH,c,-1,-1,1
6,43,22,274,170,170,1,170,0,0,EEN,atypical,no_interf,MIS,MIS,d,-1,-1,-1
6,43,28,184,184,184,2,184,0,0,EEN,atypical,interf,MIS,MATCH,c,-1,-1,1
6,43,32,182,182,182,2,182,0,0,GEEN,atypical,interf,MIS,MATCH,g,1,-1,1
6,43,25,176,176,176,2,176,0,0,GEEN,typical,no_interf,MATCH,MIS,f,1,1,-1
6,43,8,182,182,182,2,182,0,0,GEEN,atypical,interf,MIS,MATCH,g,1,-1,1
6,43,13,222,222,222,2,222,0,0,EEN,typical,no_interf,MATCH,MIS,b,-1,1,-1
6,43,21,110,110,110,2,110,0,0,EEN,typical,no_interf,MATCH,MIS,b,-1,1,-1
6,43,27,162,162,162,2,162,0,0,GEEN,typical,interf,MATCH,MATCH,e,1,1,1
6,43,5,0,0,0,0,0,0,0,EEN,typical,no_interf,MATCH,MIS,b,-1,1,-1
6,43,26,0,0,138,0,0,1,138,GEEN,atypical,no_interf,MIS,MIS,h,1,-1,-1
6,43,31,208,208,208,2,208,0,0,EEN,typical,interf,MATCH,MATCH,a,-1,1,1
6,43,19,180,180,536,2,180,1,356,GEEN,typical,interf,MATCH,MATCH,e,1,1,1
6,43,17,174,174,174,2,174,0,0,GEEN,typical,no_interf,MATCH,MIS,f,1,1,-1
6,43,23,250,250,250,2,250,0,0,EEN,typical,interf,MATCH,MATCH,a,-1,1,1
6,43,1,186,186,598,2,186,1,412,GEEN,typical,no_interf,MATCH,MIS,f,1,1,-1
6,43,12,282,282,282,2,282,0,0,EEN,atypical,interf,MIS,MATCH,c,-1,-1,1
6,43,30,256,256,256,2,256,0,0,EEN,atypical,no_interf,MIS,MIS,d,-1,-1,-1
6,43,10,222,222,222,2,222,0,0,GEEN,atypical,no_interf,MIS,MIS,h,1,-1,-1
6,43,18,0,0,0,0,0,0,0,GEEN,atypical,no_interf,MIS,MIS,h,1,-1,-1
6,43,29,314,314,604,2,314,1,290,EEN,typical,no_interf,MATCH,MIS,b,-1,1,-1
6,46,7,694,694,1034,2,694,1,340,EEN,typical,interf,MATCH,MATCH,a,-1,1,1
6,46,25,390,390,662,2,390,1,272,GEEN,typical,no_interf,MATCH,MIS,f,1,1,-1
6,46,30,216,216,216,2,216,0,0,EEN,atypical,no_interf,MIS,MIS,d,-1,-1,-1
6,46,28,260,260,260,2,260,0,0,EEN,atypical,interf,MIS,MATCH,c,-1,-1,1
6,46,6,178,178,492,2,178,1,314,EEN,atypical,no_interf,MIS,MIS,d,-1,-1,-1
6,46,19,200,200,200,2,200,0,0,GEEN,typical,interf,MATCH,MATCH,e,1,1,1
6,46,4,192,192,192,2,192,0,0,EEN,atypical,interf,MIS,MATCH,c,-1,-1,1
6,46,2,150,150,150,2,150,0,0,GEEN,atypical,no_interf,MIS,MIS,h,1,-1,-1
6,46,13,220,220,220,2,220,0,0,EEN,typical,no_interf,MATCH,MIS,b,-1,1,-1
6,46,18,382,382,382,2,382,0,0,GEEN,atypical,no_interf,MIS,MIS,h,1,-1,-1
6,46,12,160,160,160,2,160,0,0,EEN,atypical,interf,MIS,MATCH,c,-1,-1,1
6,46,3,280,280,280,2,280,0,0,GEEN,typical,interf,MATCH,MATCH,e,1,1,1
6,46,17,356,356,356,2,356,0,0,GEEN,typical,no_interf,MATCH,MIS,f,1,1,-1
6,46,1,732,732,732,2,732,0,0,GEEN,typical,no_interf,MATCH,MIS,f,1,1,-1
6,46,15,530,530,530,2,530,0,0,EEN,typical,interf,MATCH,MATCH,a,-1,1,1
6,46,10,256,256,876,2,256,1,620,GEEN,atypical,no_interf,MIS,MIS,h,1,-1,-1
6,46,23,152,152,152,2,152,0,0,EEN,typical,interf,MATCH,MATCH,a,-1,1,1
6,46,9,244,244,244,2,244,0,0,GEEN,typical,no_interf,MATCH,MIS,f,1,1,-1
6,46,5,242,242,242,2,242,0,0,EEN,typical,no_interf,MATCH,MIS,b,-1,1,-1
6,46,22,182,182,182,2,182,0,0,EEN,atypical,no_interf,MIS,MIS,d,-1,-1,-1
6,46,26,184,184,184,2,184,0,0,GEEN,atypical,no_interf,MIS,MIS,h,1,-1,-1
6,46,27,168,168,168,2,168,0,0,GEEN,typical,interf,MATCH,MATCH,e,1,1,1
6,46,20,0,0,0,0,0,0,0,EEN,atypical,interf,MIS,MATCH,c,-1,-1,1
6,46,31,186,186,186,2,186,0,0,EEN,typical,interf,MATCH,MATCH,a,-1,1,1
6,46,8,608,448,448,1,264,1,184,GEEN,atypical,interf,MIS,MATCH,g,1,-1,1
6,46,11,192,192,192,2,192,0,0,GEEN,typical,interf,MATCH,MATCH,e,1,1,1
6,46,29,188,188,440,2,188,1,252,EEN,typical,no_interf,MATCH,MIS,b,-1,1,-1
6,46,21,222,222,222,2,222,0,0,EEN,typical,no_interf,MATCH,MIS,b,-1,1,-1
6,46,16,160,160,160,2,160,0,0,GEEN,atypical,interf,MIS,MATCH,g,1,-1,1
6,46,32,254,254,254,2,254,0,0,GEEN,atypical,interf,MIS,MATCH,g,1,-1,1
6,12,16,1404,464,464,1,138,1,326,EEN,typical,interf,MATCH,MATCH,a,-1,1,1
6,12,28,162,162,416,2,162,1,254,GEEN,typical,interf,MATCH,MATCH,e,1,1,1
6,12,26,0,0,204,0,0,1,204,GEEN,typical,no_interf,MATCH,MIS,f,1,1,-1
6,12,32,192,192,500,2,192,1,308,EEN,typical,interf,MATCH,MATCH,a,-1,1,1
6,12,17,154,154,154,2,154,0,0,GEEN,atypical,interf,MIS,MATCH,g,1,-1,1
6,12,9,172,172,330,2,172,1,158,GEEN,atypical,interf,MIS,MATCH,g,1,-1,1
6,12,18,528,270,270,1,104,1,166,GEEN,typical,no_interf,MATCH,MIS,f,1,1,-1
6,12,20,178,178,178,2,178,0,0,GEEN,typical,interf,MATCH,MATCH,e,1,1,1
6,12,25,162,162,606,2,162,1,444,GEEN,atypical,interf,MIS,MATCH,g,1,-1,1
6,12,22,216,216,786,2,216,1,570,EEN,typical,no_interf,MATCH,MIS,b,-1,1,-1
6,12,30,206,206,546,2,206,1,340,EEN,typical,no_interf,MATCH,MIS,b,-1,1,-1
6,12,27,374,374,954,2,374,1,580,GEEN,atypical,no_interf,MIS,MIS,h,1,-1,-1
6,12,1,162,162,162,2,162,0,0,GEEN,atypical,interf,MIS,MATCH,g,1,-1,1
6,12,2,342,342,934,2,342,1,592,GEEN,typical,no_interf,MATCH,MIS,f,1,1,-1
6,12,5,120,120,518,2,120,1,398,EEN,atypical,interf,MIS,MATCH,c,-1,-1,1
6,12,7,0,0,526,0,0,1,526,EEN,atypical,no_interf,MIS,MIS,d,-1,-1,-1
6,12,19,168,168,458,2,168,1,290,GEEN,atypical,no_interf,MIS,MIS,h,1,-1,-1
6,12,10,528,528,528,2,528,0,0,GEEN,typical,no_interf,MATCH,MIS,f,1,1,-1
6,12,11,184,184,620,2,184,1,436,GEEN,atypical,no_interf,MIS,MIS,h,1,-1,-1
6,12,31,162,162,162,2,162,0,0,EEN,atypical,no_interf,MIS,MIS,d,-1,-1,-1
6,12,15,378,378,950,2,378,1,572,EEN,atypical,no_interf,MIS,MIS,d,-1,-1,-1
6,12,12,154,154,154,2,154,0,0,GEEN,typical,interf,MATCH,MATCH,e,1,1,1
6,12,23,158,158,520,2,158,1,362,EEN,atypical,no_interf,MIS,MIS,d,-1,-1,-1
6,12,4,158,158,158,2,158,0,0,GEEN,typical,interf,MATCH,MATCH,e,1,1,1
6,12,29,0,0,0,0,0,0,0,EEN,atypical,interf,MIS,MATCH,c,-1,-1,1
6,12,21,180,180,180,2,180,0,0,EEN,atypical,interf,MIS,MATCH,c,-1,-1,1
6,12,8,158,158,158,2,158,0,0,EEN,typical,interf,MATCH,MATCH,a,-1,1,1
6,12,13,160,160,306,2,160,1,146,EEN,atypical,interf,MIS,MATCH,c,-1,-1,1
6,12,6,146,146,146,2,146,0,0,EEN,typical,no_interf,MATCH,MIS,b,-1,1,-1
6,12,3,352,352,352,2,352,0,0,GEEN,atypical,no_interf,MIS,MIS,h,1,-1,-1
6,20,23,224,224,1028,2,224,1,804,EEN,atypical,no_interf,MIS,MIS,d,-1,-1,-1
6,20,31,0,0,300,0,0,1,300,EEN,atypical,no_interf,MIS,MIS,d,-1,-1,-1
6,20,19,184,184,700,2,184,1,516,GEEN,atypical,no_interf,MIS,MIS,h,1,-1,-1
6,20,29,0,0,194,0,0,1,194,EEN,atypical,interf,MIS,MATCH,c,-1,-1,1
6,20,4,0,0,634,0,0,1,634,GEEN,typical,interf,MATCH,MATCH,e,1,1,1
6,20,9,274,274,516,2,274,1,242,GEEN,atypical,interf,MIS,MATCH,g,1,-1,1
6,20,11,206,206,572,2,206,1,366,GEEN,atypical,no_interf,MIS,MIS,h,1,-1,-1
6,20,21,204,204,1040,2,204,1,836,EEN,atypical,interf,MIS,MATCH,c,-1,-1,1
6,20,2,0,0,240,0,0,1,240,GEEN,typical,no_interf,MATCH,MIS,f,1,1,-1
6,20,7,0,0,288,0,0,1,288,EEN,atypical,no_interf,MIS,MIS,d,-1,-1,-1
6,20,25,844,414,570,1,176,1,394,GEEN,atypical,interf,MIS,MATCH,g,1,-1,1
6,20,22,270,270,270,2,270,0,0,EEN,typical,no_interf,MATCH,MIS,b,-1,1,-1
6,20,13,228,228,530,2,228,1,302,EEN,atypical,interf,MIS,MATCH,c,-1,-1,1
6,20,8,180,180,380,2,180,1,200,EEN,typical,interf,MATCH,MATCH,a,-1,1,1
6,20,17,194,194,708,2,194,1,514,GEEN,atypical,interf,MIS,MATCH,g,1,-1,1
6,20,20,232,232,492,2,232,1,260,GEEN,typical,interf,MATCH,MATCH,e,1,1,1
6,20,12,0,0,550,0,0,1,550,GEEN,typical,interf,MATCH,MATCH,e,1,1,1
6,20,5,0,0,264,0,0,1,264,EEN,atypical,interf,MIS,MATCH,c,-1,-1,1
6,20,18,224,224,1136,2,224,1,912,GEEN,typical,no_interf,MATCH,MIS,f,1,1,-1
6,20,1,188,188,476,2,188,1,288,GEEN,atypical,interf,MIS,MATCH,g,1,-1,1
6,20,3,206,206,206,2,206,0,0,GEEN,atypical,no_interf,MIS,MIS,h,1,-1,-1
6,20,28,180,180,180,2,180,0,0,GEEN,typical,interf,MATCH,MATCH,e,1,1,1
6,20,32,292,292,560,2,292,1,268,EEN,typical,interf,MATCH,MATCH,a,-1,1,1
6,20,26,234,234,428,2,234,1,194,GEEN,typical,no_interf,MATCH,MIS,f,1,1,-1
6,20,16,166,166,514,2,166,1,348,EEN,typical,interf,MATCH,MATCH,a,-1,1,1
6,20,6,194,194,744,2,194,1,550,EEN,typical,no_interf,MATCH,MIS,b,-1,1,-1
6,20,27,832,168,168,1,168,0,0,GEEN,atypical,no_interf,MIS,MIS,h,1,-1,-1
6,20,10,222,222,222,2,222,0,0,GEEN,typical,no_interf,MATCH,MIS,f,1,1,-1
6,20,15,236,236,630,2,236,1,394,EEN,atypical,no_interf,MIS,MIS,d,-1,-1,-1
6,28,21,390,390,658,2,390,1,268,EEN,atypical,interf,MIS,MATCH,c,-1,-1,1
6,28,18,204,204,204,2,204,0,0,GEEN,typical,no_interf,MATCH,MIS,f,1,1,-1
6,28,6,242,242,488,2,242,1,246,EEN,typical,no_interf,MATCH,MIS,b,-1,1,-1
6,28,27,84,84,1176,2,84,1,1092,GEEN,atypical,no_interf,MIS,MIS,h,1,-1,-1
6,28,23,190,190,1906,2,190,1,1716,EEN,atypical,no_interf,MIS,MIS,d,-1,-1,-1
6,28,16,212,212,212,2,212,0,0,EEN,typical,interf,MATCH,MATCH,a,-1,1,1
6,28,31,268,268,268,2,268,0,0,EEN,atypical,no_interf,MIS,MIS,d,-1,-1,-1
6,28,20,798,510,932,1,260,1,672,GEEN,typical,interf,MATCH,MATCH,e,1,1,1
6,28,13,152,152,492,2,152,1,340,EEN,atypical,interf,MIS,MATCH,c,-1,-1,1
6,28,19,302,302,1508,2,302,1,1206,GEEN,atypical,no_interf,MIS,MIS,h,1,-1,-1
6,28,25,560,346,872,1,112,1,760,GEEN,atypical,interf,MIS,MATCH,g,1,-1,1
6,28,5,210,210,210,2,210,0,0,EEN,atypical,interf,MIS,MATCH,c,-1,-1,1
6,28,1,162,162,900,2,162,1,738,GEEN,atypical,interf,MIS,MATCH,g,1,-1,1
6,28,11,170,170,496,2,170,1,326,GEEN,atypical,no_interf,MIS,MIS,h,1,-1,-1
6,28,32,196,196,1002,2,196,1,806,EEN,typical,interf,MATCH,MATCH,a,-1,1,1
6,28,12,214,214,466,2,214,1,252,GEEN,typical,interf,MATCH,MATCH,e,1,1,1
6,28,8,178,178,454,2,178,1,276,EEN,typical,interf,MATCH,MATCH,a,-1,1,1
6,28,15,244,244,806,2,244,1,562,EEN,atypical,no_interf,MIS,MIS,d,-1,-1,-1
6,28,3,238,238,688,2,238,1,450,GEEN,atypical,no_interf,MIS,MIS,h,1,-1,-1
6,28,22,198,198,198,2,198,0,0,EEN,typical,no_interf,MATCH,MIS,b,-1,1,-1
6,28,10,208,208,208,2,208,0,0,GEEN,typical,no_interf,MATCH,MIS,f,1,1,-1
6,28,4,196,196,446,2,196,1,250,GEEN,typical,interf,MATCH,MATCH,e,1,1,1
6,28,29,200,200,468,2,200,1,268,EEN,atypical,interf,MIS,MATCH,c,-1,-1,1
6,28,17,224,224,224,2,224,0,0,GEEN,atypical,interf,MIS,MATCH,g,1,-1,1
6,28,28,0,0,372,0,0,1,372,GEEN,typical,interf,MATCH,MATCH,e,1,1,1
6,28,7,534,534,1378,2,534,1,844,EEN,atypical,no_interf,MIS,MIS,d,-1,-1,-1
6,28,26,580,496,496,1,294,1,202,GEEN,typical,no_interf,MATCH,MIS,f,1,1,-1
6,28,9,164,164,1390,2,164,1,1226,GEEN,atypical,interf,MIS,MATCH,g,1,-1,1
6,28,30,220,220,220,2,220,0,0,EEN,typical,no_interf,MATCH,MIS,b,-1,1,-1
6,28,2,0,0,882,0,0,1,882,GEEN,typical,no_interf,MATCH,MIS,f,1,1,-1
6,36,11,202,202,402,2,202,1,200,GEEN,atypical,no_interf,MIS,MIS,h,1,-1,-1
6,36,31,378,378,660,2,378,1,282,EEN,atypical,no_interf,MIS,MIS,d,-1,-1,-1
6,36,16,180,180,426,2,180,1,246,EEN,typical,interf,MATCH,MATCH,a,-1,1,1
6,36,25,246,246,720,2,246,1,474,GEEN,atypical,interf,MIS,MATCH,g,1,-1,1
6,36,29,0,0,368,0,0,1,368,EEN,atypical,interf,MIS,MATCH,c,-1,-1,1
6,36,30,670,392,676,1,222,1,454,EEN,typical,no_interf,MATCH,MIS,b,-1,1,-1
6,36,20,262,262,262,2,262,0,0,GEEN,typical,interf,MATCH,MATCH,e,1,1,1
6,36,6,214,214,468,2,214,1,254,EEN,typical,no_interf,MATCH,MIS,b,-1,1,-1
6,36,2,144,144,454,2,144,1,310,GEEN,typical,no_interf,MATCH,MIS,f,1,1,-1
6,36,8,386,386,386,2,386,0,0,EEN,typical,interf,MATCH,MATCH,a,-1,1,1
6,36,23,0,0,598,0,0,1,598,EEN,atypical,no_interf,MIS,MIS,d,-1,-1,-1
6,36,3,0,0,172,0,0,1,172,GEEN,atypical,no_interf,MIS,MIS,h,1,-1,-1
6,36,5,172,172,410,2,172,1,238,EEN,atypical,interf,MIS,MATCH,c,-1,-1,1
6,36,9,330,330,584,2,330,1,254,GEEN,atypical,interf,MIS,MATCH,g,1,-1,1
6,36,13,136,136,348,2,136,1,212,EEN,atypical,interf,MIS,MATCH,c,-1,-1,1
6,36,10,258,258,258,2,258,0,0,GEEN,typical,no_interf,MATCH,MIS,f,1,1,-1
6,36,17,298,298,810,2,298,1,512,GEEN,atypical,interf,MIS,MATCH,g,1,-1,1
6,36,27,266,266,844,2,266,1,578,GEEN,atypical,no_interf,MIS,MIS,h,1,-1,-1
6,36,1,356,356,356,2,356,0,0,GEEN,atypical,interf,MIS,MATCH,g,1,-1,1
6,36,4,0,0,404,0,0,1,404,GEEN,typical,interf,MATCH,MATCH,e,1,1,1
6,36,12,382,382,650,2,382,1,268,GEEN,typical,interf,MATCH,MATCH,e,1,1,1
6,36,22,200,200,258,2,200,1,58,EEN,typical,no_interf,MATCH,MIS,b,-1,1,-1
6,36,7,136,136,1470,2,136,1,1334,EEN,atypical,no_interf,MIS,MIS,d,-1,-1,-1
6,36,21,234,234,234,2,234,0,0,EEN,atypical,interf,MIS,MATCH,c,-1,-1,1
6,36,26,212,212,414,2,212,1,202,GEEN,typical,no_interf,MATCH,MIS,f,1,1,-1
6,36,32,332,332,758,2,332,1,426,EEN,typical,interf,MATCH,MATCH,a,-1,1,1
6,36,15,232,232,232,2,232,0,0,EEN,atypical,no_interf,MIS,MIS,d,-1,-1,-1
6,36,19,210,210,862,2,210,1,652,GEEN,atypical,no_interf,MIS,MIS,h,1,-1,-1
6,36,18,308,308,308,2,308,0,0,GEEN,typical,no_interf,MATCH,MIS,f,1,1,-1
6,36,28,100,100,336,2,100,1,236,GEEN,typical,interf,MATCH,MATCH,e,1,1,1
6,50,13,0,0,118,0,0,1,118,EEN,atypical,interf,MIS,MATCH,c,-1,-1,1
6,50,28,400,400,538,2,400,1,138,GEEN,typical,interf,MATCH,MATCH,e,1,1,1
6,50,26,190,190,190,2,190,0,0,GEEN,typical,no_interf,MATCH,MIS,f,1,1,-1
6,50,22,316,316,316,2,316,0,0,EEN,typical,no_interf,MATCH,MIS,b,-1,1,-1
6,50,25,230,230,1364,2,230,1,1134,GEEN,atypical,interf,MIS,MATCH,g,1,-1,1
6,50,23,702,702,1252,2,702,1,550,EEN,atypical,no_interf,MIS,MIS,d,-1,-1,-1
6,50,1,0,0,802,0,0,1,802,GEEN,atypical,interf,MIS,MATCH,g,1,-1,1
6,50,10,1174,532,532,1,300,1,232,GEEN,typical,no_interf,MATCH,MIS,f,1,1,-1
6,50,32,460,460,460,2,460,0,0,EEN,typical,interf,MATCH,MATCH,a,-1,1,1
6,50,16,738,604,604,1,166,1,438,EEN,typical,interf,MATCH,MATCH,a,-1,1,1
6,50,5,0,0,0,0,0,0,0,EEN,atypical,interf,MIS,MATCH,c,-1,-1,1
6,50,4,262,262,616,2,262,1,354,GEEN,typical,interf,MATCH,MATCH,e,1,1,1
6,50,21,180,180,180,2,180,0,0,EEN,atypical,interf,MIS,MATCH,c,-1,-1,1
6,50,30,0,0,156,0,0,1,156,EEN,typical,no_interf,MATCH,MIS,b,-1,1,-1
6,50,15,268,268,602,2,268,1,334,EEN,atypical,no_interf,MIS,MIS,d,-1,-1,-1
6,50,7,152,152,570,2,152,1,418,EEN,atypical,no_interf,MIS,MIS,d,-1,-1,-1
6,50,9,426,426,1004,2,426,1,578,GEEN,atypical,interf,MIS,MATCH,g,1,-1,1
6,50,11,622,442,894,1,130,1,764,GEEN,atypical,no_interf,MIS,MIS,h,1,-1,-1
6,50,8,0,0,98,0,0,1,98,EEN,typical,interf,MATCH,MATCH,a,-1,1,1
6,50,3,0,0,852,0,0,1,852,GEEN,atypical,no_interf,MIS,MIS,h,1,-1,-1
6,50,19,202,202,622,2,202,1,420,GEEN,atypical,no_interf,MIS,MIS,h,1,-1,-1
6,50,18,0,0,692,0,0,1,692,GEEN,typical,no_interf,MATCH,MIS,f,1,1,-1
6,50,29,184,184,184,2,184,0,0,EEN,atypical,interf,MIS,MATCH,c,-1,-1,1
6,50,31,232,232,452,2,232,1,220,EEN,atypical,no_interf,MIS,MIS,d,-1,-1,-1
6,50,6,192,192,192,2,192,0,0,EEN,typical,no_interf,MATCH,MIS,b,-1,1,-1
6,50,17,184,184,184,2,184,0,0,GEEN,atypical,interf,MIS,MATCH,g,1,-1,1
6,50,20,0,0,0,0,0,0,0,GEEN,typical,interf,MATCH,MATCH,e,1,1,1
6,50,27,1726,1022,1198,1,722,1,476,GEEN,atypical,no_interf,MIS,MIS,h,1,-1,-1
6,50,2,280,280,608,2,280,1,328,GEEN,typical,no_interf,MATCH,MIS,f,1,1,-1
6,50,12,202,202,202,2,202,0,0,GEEN,typical,interf,MATCH,MATCH,e,1,1,1
6,5,18,240,240,240,2,240,0,0,GEEN,atypical,interf,MIS,MATCH,g,1,-1,1
6,5,31,182,182,404,2,182,1,222,EEN,typical,no_interf,MATCH,MIS,b,-1,1,-1
6,5,20,168,168,368,2,168,1,200,GEEN,atypical,no_interf,MIS,MIS,h,1,-1,-1
6,5,32,84,84,84,2,84,0,0,EEN,atypical,no_interf,MIS,MIS,d,-1,-1,-1
6,5,12,174,174,174,2,174,0,0,GEEN,atypical,no_interf,MIS,MIS,h,1,-1,-1
6,5,16,162,162,162,2,162,0,0,EEN,atypical,no_interf,MIS,MIS,d,-1,-1,-1
6,5,6,152,152,314,2,152,1,162,EEN,atypical,interf,MIS,MATCH,c,-1,-1,1
6,5,19,176,176,752,2,176,1,576,GEEN,typical,no_interf,MATCH,MIS,f,1,1,-1
6,5,30,0,0,0,0,0,0,0,EEN,atypical,interf,MIS,MATCH,c,-1,-1,1
6,5,17,0,0,0,0,0,0,0,EEN,typical,interf,MATCH,MATCH,a,-1,1,1
6,5,9,184,184,568,2,184,1,384,EEN,typical,interf,MATCH,MATCH,a,-1,1,1
6,5,8,166,166,166,2,166,0,0,EEN,atypical,no_interf,MIS,MIS,d,-1,-1,-1
6,5,7,212,212,422,2,212,1,210,EEN,typical,no_interf,MATCH,MIS,b,-1,1,-1
6,5,11,312,312,532,2,312,1,220,GEEN,typical,no_interf,MATCH,MIS,f,1,1,-1
6,5,1,132,132,394,2,132,1,262,EEN,typical,interf,MATCH,MATCH,a,-1,1,1
6,5,2,150,150,150,2,150,0,0,GEEN,atypical,interf,MIS,MATCH,g,1,-1,1
6,5,22,186,186,186,2,186,0,0,EEN,atypical,interf,MIS,MATCH,c,-1,-1,1
6,5,23,0,0,108,0,0,1,108,EEN,typical,no_interf,MATCH,MIS,b,-1,1,-1
6,5,29,0,0,0,0,0,0,0,GEEN,typical,interf,MATCH,MATCH,e,1,1,1
6,5,26,172,172,172,2,172,0,0,GEEN,atypical,interf,MIS,MATCH,g,1,-1,1
6,5,10,312,312,312,2,312,0,0,GEEN,atypical,interf,MIS,MATCH,g,1,-1,1
6,5,5,160,160,286,2,160,1,126,GEEN,typical,interf,MATCH,MATCH,e,1,1,1
6,5,27,164,164,322,2,164,1,158,GEEN,typical,no_interf,MATCH,MIS,f,1,1,-1
6,5,25,178,178,178,2,178,0,0,EEN,typical,interf,MATCH,MATCH,a,-1,1,1
6,5,21,72,72,72,2,72,0,0,GEEN,typical,interf,MATCH,MATCH,e,1,1,1
6,5,3,0,0,0,0,0,0,0,GEEN,typical,no_interf,MATCH,MIS,f,1,1,-1
6,5,13,170,170,170,2,170,0,0,GEEN,typical,interf,MATCH,MATCH,e,1,1,1
6,5,15,98,98,98,2,98,0,0,EEN,typical,no_interf,MATCH,MIS,b,-1,1,-1
6,5,4,150,150,358,2,150,1,208,GEEN,atypical,no_interf,MIS,MIS,h,1,-1,-1
6,5,28,398,398,398,2,398,0,0,GEEN,atypical,no_interf,MIS,MIS,h,1,-1,-1
6,13,11,0,0,166,0,0,1,166,GEEN,typical,no_interf,MATCH,MIS,f,1,1,-1
6,13,12,622,338,338,1,136,1,202,GEEN,atypical,no_interf,MIS,MIS,h,1,-1,-1
6,13,18,246,246,246,2,246,0,0,GEEN,atypical,interf,MIS,MATCH,g,1,-1,1
6,13,9,198,198,362,2,198,1,164,EEN,typical,interf,MATCH,MATCH,a,-1,1,1
6,13,8,0,0,256,0,0,1,256,EEN,atypical,no_interf,MIS,MIS,d,-1,-1,-1
6,13,7,398,398,398,2,398,0,0,EEN,typical,no_interf,MATCH,MIS,b,-1,1,-1
6,13,1,252,252,472,2,252,1,220,EEN,typical,interf,MATCH,MATCH,a,-1,1,1
6,13,21,156,156,156,2,156,0,0,GEEN,typical,interf,MATCH,MATCH,e,1,1,1
6,13,2,0,0,482,0,0,1,482,GEEN,atypical,interf,MIS,MATCH,g,1,-1,1
6,13,3,174,174,414,2,174,1,240,GEEN,typical,no_interf,MATCH,MIS,f,1,1,-1
6,13,16,352,164,416,1,164,1,252,EEN,atypical,no_interf,MIS,MIS,d,-1,-1,-1
6,13,27,0,0,396,0,0,1,396,GEEN,typical,no_interf,MATCH,MIS,f,1,1,-1
6,13,28,206,206,370,2,206,1,164,GEEN,atypical,no_interf,MIS,MIS,h,1,-1,-1
6,13,5,204,204,300,2,204,1,96,GEEN,typical,interf,MATCH,MATCH,e,1,1,1
6,13,13,0,0,0,0,0,0,0,GEEN,typical,interf,MATCH,MATCH,e,1,1,1
6,13,32,240,240,240,2,240,0,0,EEN,atypical,no_interf,MIS,MIS,d,-1,-1,-1
6,13,31,310,310,310,2,310,0,0,EEN,typical,no_interf,MATCH,MIS,b,-1,1,-1
6,13,26,314,314,314,2,314,0,0,GEEN,atypical,interf,MIS,MATCH,g,1,-1,1
6,13,4,0,0,46,0,0,1,46,GEEN,atypical,no_interf,MIS,MIS,h,1,-1,-1
6,13,10,1340,716,716,1,300,1,416,GEEN,atypical,interf,MIS,MATCH,g,1,-1,1
6,13,15,230,230,230,2,230,0,0,EEN,typical,no_interf,MATCH,MIS,b,-1,1,-1
6,13,23,0,0,0,0,0,0,0,EEN,typical,no_interf,MATCH,MIS,b,-1,1,-1
6,13,30,150,150,150,2,150,0,0,EEN,atypical,interf,MIS,MATCH,c,-1,-1,1
6,13,20,0,0,326,0,0,1,326,GEEN,atypical,no_interf,MIS,MIS,h,1,-1,-1
6,13,29,392,164,164,1,164,0,0,GEEN,typical,interf,MATCH,MATCH,e,1,1,1
6,13,19,0,0,100,0,0,1,100,GEEN,typical,no_interf,MATCH,MIS,f,1,1,-1
6,13,6,174,174,476,2,174,1,302,EEN,atypical,interf,MIS,MATCH,c,-1,-1,1
6,13,17,176,176,176,2,176,0,0,EEN,typical,interf,MATCH,MATCH,a,-1,1,1
6,13,22,0,0,0,0,0,0,0,EEN,atypical,interf,MIS,MATCH,c,-1,-1,1
6,21,29,0,0,216,0,0,1,216,GEEN,typical,interf,MATCH,MATCH,e,1,1,1
6,21,28,0,0,572,0,0,1,572,GEEN,atypical,no_interf,MIS,MIS,h,1,-1,-1
6,21,3,200,200,226,2,200,1,26,GEEN,typical,no_interf,MATCH,MIS,f,1,1,-1
6,21,21,0,0,204,0,0,1,204,GEEN,typical,interf,MATCH,MATCH,e,1,1,1
6,21,15,184,184,436,2,184,1,252,EEN,typical,no_interf,MATCH,MIS,b,-1,1,-1
6,21,8,372,372,414,2,372,1,42,EEN,atypical,no_interf,MIS,MIS,d,-1,-1,-1
6,21,31,156,156,328,2,156,1,172,EEN,typical,no_interf,MATCH,MIS,b,-1,1,-1
6,21,25,284,284,870,2,284,1,586,EEN,typical,interf,MATCH,MATCH,a,-1,1,1
6,21,11,0,0,318,0,0,1,318,GEEN,typical,no_interf,MATCH,MIS,f,1,1,-1
6,21,5,0,0,146,0,0,1,146,GEEN,typical,interf,MATCH,MATCH,e,1,1,1
6,21,20,0,0,322,0,0,1,322,GEEN,atypical,no_interf,MIS,MIS,h,1,-1,-1
6,21,22,348,348,348,2,348,0,0,EEN,atypical,interf,MIS,MATCH,c,-1,-1,1
6,21,23,198,198,198,2,198,0,0,EEN,typical,no_interf,MATCH,MIS,b,-1,1,-1
6,21,4,0,0,0,0,0,0,0,GEEN,atypical,no_interf,MIS,MIS,h,1,-1,-1
6,21,16,378,378,512,2,378,1,134,EEN,atypical,no_interf,MIS,MIS,d,-1,-1,-1
6,21,6,120,120,328,2,120,1,208,EEN,atypical,interf,MIS,MATCH,c,-1,-1,1
6,21,26,0,0,684,0,0,1,684,GEEN,atypical,interf,MIS,MATCH,g,1,-1,1
6,21,7,346,316,492,1,316,1,176,EEN,typical,no_interf,MATCH,MIS,b,-1,1,-1
6,21,1,0,0,0,0,0,0,0,EEN,typical,interf,MATCH,MATCH,a,-1,1,1
6,21,12,194,194,244,2,194,1,50,GEEN,atypical,no_interf,MIS,MIS,h,1,-1,-1
6,21,32,0,0,162,0,0,1,162,EEN,atypical,no_interf,MIS,MIS,d,-1,-1,-1
6,21,18,196,196,196,2,196,0,0,GEEN,atypical,interf,MIS,MATCH,g,1,-1,1
6,21,17,310,148,316,1,148,1,168,EEN,typical,interf,MATCH,MATCH,a,-1,1,1
6,21,9,162,162,814,2,162,1,652,EEN,typical,interf,MATCH,MATCH,a,-1,1,1
6,21,27,0,0,0,0,0,0,0,GEEN,typical,no_interf,MATCH,MIS,f,1,1,-1
6,21,30,0,0,0,0,0,0,0,EEN,atypical,interf,MIS,MATCH,c,-1,-1,1
6,21,10,0,0,254,0,0,1,254,GEEN,atypical,interf,MIS,MATCH,g,1,-1,1
6,21,19,146,146,146,2,146,0,0,GEEN,typical,no_interf,MATCH,MIS,f,1,1,-1
6,21,2,164,164,498,2,164,1,334,GEEN,atypical,interf,MIS,MATCH,g,1,-1,1
6,21,13,156,156,268,2,156,1,112,GEEN,typical,interf,MATCH,MATCH,e,1,1,1
6,29,5,188,188,454,2,188,1,266,GEEN,typical,interf,MATCH,MATCH,e,1,1,1
6,29,10,366,366,366,2,366,0,0,GEEN,atypical,interf,MIS,MATCH,g,1,-1,1
6,29,7,896,896,896,2,896,0,0,EEN,typical,no_interf,MATCH,MIS,b,-1,1,-1
6,29,15,186,186,186,2,186,0,0,EEN,typical,no_interf,MATCH,MIS,b,-1,1,-1
6,29,26,440,440,440,2,440,0,0,GEEN,atypical,interf,MIS,MATCH,g,1,-1,1
6,29,1,258,258,258,2,258,0,0,EEN,typical,interf,MATCH,MATCH,a,-1,1,1
6,29,29,228,228,228,2,228,0,0,GEEN,typical,interf,MATCH,MATCH,e,1,1,1
6,29,21,146,146,146,2,146,0,0,GEEN,typical,interf,MATCH,MATCH,e,1,1,1
6,29,12,0,0,0,0,0,0,0,GEEN,atypical,no_interf,MIS,MIS,h,1,-1,-1
6,29,9,206,206,206,2,206,0,0,EEN,typical,interf,MATCH,MATCH,a,-1,1,1
6,29,22,710,432,432,1,134,1,298,EEN,atypical,interf,MIS,MATCH,c,-1,-1,1
6,29,18,344,344,344,2,344,0,0,GEEN,atypical,interf,MIS,MATCH,g,1,-1,1
6,29,4,258,258,258,2,258,0,0,GEEN,atypical,no_interf,MIS,MIS,h,1,-1,-1
6,29,11,228,228,228,2,228,0,0,GEEN,typical,no_interf,MATCH,MIS,f,1,1,-1
6,29,32,182,182,182,2,182,0,0,EEN,atypical,no_interf,MIS,MIS,d,-1,-1,-1
6,29,16,162,162,162,2,162,0,0,EEN,atypical,no_interf,MIS,MIS,d,-1,-1,-1
6,29,23,0,0,424,0,0,1,424,EEN,typical,no_interf,MATCH,MIS,b,-1,1,-1
6,29,25,192,192,192,2,192,0,0,EEN,typical,interf,MATCH,MATCH,a,-1,1,1
6,29,3,234,234,234,2,234,0,0,GEEN,typical,no_interf,MATCH,MIS,f,1,1,-1
6,29,8,202,202,202,2,202,0,0,EEN,atypical,no_interf,MIS,MIS,d,-1,-1,-1
6,29,31,176,176,176,2,176,0,0,EEN,typical,no_interf,MATCH,MIS,b,-1,1,-1
6,29,6,116,116,116,2,116,0,0,EEN,atypical,interf,MIS,MATCH,c,-1,-1,1
6,29,30,430,430,430,2,430,0,0,EEN,atypical,interf,MIS,MATCH,c,-1,-1,1
6,29,17,210,210,210,2,210,0,0,EEN,typical,interf,MATCH,MATCH,a,-1,1,1
6,29,19,260,260,260,2,260,0,0,GEEN,typical,no_interf,MATCH,MIS,f,1,1,-1
6,29,28,1004,768,768,1,250,1,518,GEEN,atypical,no_interf,MIS,MIS,h,1,-1,-1
6,29,27,252,252,428,2,252,1,176,GEEN,typical,no_interf,MATCH,MIS,f,1,1,-1
6,29,13,232,232,232,2,232,0,0,GEEN,typical,interf,MATCH,MATCH,e,1,1,1
6,29,2,200,200,200,2,200,0,0,GEEN,atypical,interf,MIS,MATCH,g,1,-1,1
6,29,20,682,486,486,1,276,1,210,GEEN,atypical,no_interf,MIS,MIS,h,1,-1,-1
6,37,15,314,314,688,2,314,1,374,EEN,typical,no_interf,MATCH,MIS,b,-1,1,-1
6,37,20,228,228,502,2,228,1,274,GEEN,atypical,no_interf,MIS,MIS,h,1,-1,-1
6,37,8,690,308,308,1,154,1,154,EEN,atypical,no_interf,MIS,MIS,d,-1,-1,-1
6,37,25,244,244,402,2,244,1,158,EEN,typical,interf,MATCH,MATCH,a,-1,1,1
6,37,27,154,154,154,2,154,0,0,GEEN,typical,no_interf,MATCH,MIS,f,1,1,-1
6,37,1,0,0,0,0,0,0,0,EEN,typical,interf,MATCH,MATCH,a,-1,1,1
6,37,13,0,0,370,0,0,1,370,GEEN,typical,interf,MATCH,MATCH,e,1,1,1
6,37,31,0,0,210,0,0,1,210,EEN,typical,no_interf,MATCH,MIS,b,-1,1,-1
6,37,23,0,0,592,0,0,1,592,EEN,typical,no_interf,MATCH,MIS,b,-1,1,-1
6,37,9,0,0,352,0,0,1,352,EEN,typical,interf,MATCH,MATCH,a,-1,1,1
6,37,18,166,166,166,2,166,0,0,GEEN,atypical,interf,MIS,MATCH,g,1,-1,1
6,37,16,408,408,800,2,408,1,392,EEN,atypical,no_interf,MIS,MIS,d,-1,-1,-1
6,37,12,0,0,0,0,0,0,0,GEEN,atypical,no_interf,MIS,MIS,h,1,-1,-1
6,37,6,202,202,774,2,202,1,572,EEN,atypical,interf,MIS,MATCH,c,-1,-1,1
6,37,19,278,278,470,2,278,1,192,GEEN,typical,no_interf,MATCH,MIS,f,1,1,-1
6,37,2,0,0,752,0,0,1,752,GEEN,atypical,interf,MIS,MATCH,g,1,-1,1
6,37,28,0,0,622,0,0,1,622,GEEN,atypical,no_interf,MIS,MIS,h,1,-1,-1
6,37,30,180,180,224,2,180,1,44,EEN,atypical,interf,MIS,MATCH,c,-1,-1,1
6,37,7,0,0,462,0,0,1,462,EEN,typical,no_interf,MATCH,MIS,b,-1,1,-1
6,37,17,0,0,264,0,0,1,264,EEN,typical,interf,MATCH,MATCH,a,-1,1,1
6,37,10,194,194,194,2,194,0,0,GEEN,atypical,interf,MIS,MATCH,g,1,-1,1
6,37,22,442,112,112,1,112,0,0,EEN,atypical,interf,MIS,MATCH,c,-1,-1,1
6,37,5,0,0,388,0,0,1,388,GEEN,typical,interf,MATCH,MATCH,e,1,1,1
6,37,26,192,192,192,2,192,0,0,GEEN,atypical,interf,MIS,MATCH,g,1,-1,1
6,37,4,170,170,352,2,170,1,182,GEEN,atypical,no_interf,MIS,MIS,h,1,-1,-1
6,37,32,1122,712,712,1,170,1,542,EEN,atypical,no_interf,MIS,MIS,d,-1,-1,-1
6,37,21,184,184,184,2,184,0,0,GEEN,typical,interf,MATCH,MATCH,e,1,1,1
6,37,3,166,166,222,2,166,1,56,GEEN,typical,no_interf,MATCH,MIS,f,1,1,-1
6,37,11,224,224,224,2,224,0,0,GEEN,typical,no_interf,MATCH,MIS,f,1,1,-1
6,37,29,0,0,240,0,0,1,240,GEEN,typical,interf,MATCH,MATCH,e,1,1,1
6,51,18,266,266,836,2,266,1,570,GEEN,atypical,interf,MIS,MATCH,g,1,-1,1
6,51,17,308,308,308,2,308,0,0,EEN,typical,interf,MATCH,MATCH,a,-1,1,1
6,51,25,202,202,690,2,202,1,488,EEN,typical,interf,MATCH,MATCH,a,-1,1,1
6,51,2,224,224,224,2,224,0,0,GEEN,atypical,interf,MIS,MATCH,g,1,-1,1
6,51,31,302,302,302,2,302,0,0,EEN,typical,no_interf,MATCH,MIS,b,-1,1,-1
6,51,23,398,398,680,2,398,1,282,EEN,typical,no_interf,MATCH,MIS,b,-1,1,-1
6,51,19,420,420,600,2,420,1,180,GEEN,typical,no_interf,MATCH,MIS,f,1,1,-1
6,51,1,354,354,612,2,354,1,258,EEN,typical,interf,MATCH,MATCH,a,-1,1,1
6,51,16,280,280,280,2,280,0,0,EEN,atypical,no_interf,MIS,MIS,d,-1,-1,-1
6,51,29,360,360,360,2,360,0,0,GEEN,typical,interf,MATCH,MATCH,e,1,1,1
6,51,13,238,238,238,2,238,0,0,GEEN,typical,interf,MATCH,MATCH,e,1,1,1
6,51,26,206,206,206,2,206,0,0,GEEN,atypical,interf,MIS,MATCH,g,1,-1,1
6,51,21,242,242,242,2,242,0,0,GEEN,typical,interf,MATCH,MATCH,e,1,1,1
6,51,3,448,448,448,2,448,0,0,GEEN,typical,no_interf,MATCH,MIS,f,1,1,-1
6,51,15,274,274,654,2,274,1,380,EEN,typical,no_interf,MATCH,MIS,b,-1,1,-1
6,51,28,504,504,734,2,504,1,230,GEEN,atypical,no_interf,MIS,MIS,h,1,-1,-1
6,51,10,2958,718,1284,1,218,1,1066,GEEN,atypical,interf,MIS,MATCH,g,1,-1,1
6,51,7,268,268,922,2,268,1,654,EEN,typical,no_interf,MATCH,MIS,b,-1,1,-1
6,51,8,0,0,500,0,0,1,500,EEN,atypical,no_interf,MIS,MIS,d,-1,-1,-1
6,51,30,0,0,92,0,0,1,92,EEN,atypical,interf,MIS,MATCH,c,-1,-1,1
6,51,20,316,316,586,2,316,1,270,GEEN,atypical,no_interf,MIS,MIS,h,1,-1,-1
6,51,6,228,228,420,2,228,1,192,EEN,atypical,interf,MIS,MATCH,c,-1,-1,1
6,51,12,216,216,310,2,216,1,94,GEEN,atypical,no_interf,MIS,MIS,h,1,-1,-1
6,51,5,252,252,382,2,252,1,130,GEEN,typical,interf,MATCH,MATCH,e,1,1,1
6,51,9,206,206,206,2,206,0,0,EEN,typical,interf,MATCH,MATCH,a,-1,1,1
6,51,11,270,270,546,2,270,1,276,GEEN,typical,no_interf,MATCH,MIS,f,1,1,-1
6,51,32,190,190,930,2,190,1,740,EEN,atypical,no_interf,MIS,MIS,d,-1,-1,-1
6,51,27,294,294,456,2,294,1,162,GEEN,typical,no_interf,MATCH,MIS,f,1,1,-1
6,51,4,290,290,290,2,290,0,0,GEEN,atypical,no_interf,MIS,MIS,h,1,-1,-1
6,51,22,632,394,394,1,136,1,258,EEN,atypical,interf,MIS,MATCH,c,-1,-1,1
6,14,22,250,250,250,2,250,0,0,GEEN,typical,interf,MATCH,MATCH,e,1,1,1
6,14,10,334,334,334,2,334,0,0,EEN,typical,interf,MATCH,MATCH,a,-1,1,1
6,14,26,240,240,240,2,240,0,0,EEN,typical,interf,MATCH,MATCH,a,-1,1,1
6,14,2,202,202,202,2,202,0,0,EEN,typical,interf,MATCH,MATCH,a,-1,1,1
6,14,25,166,166,642,2,166,1,476,EEN,atypical,no_interf,MIS,MIS,d,-1,-1,-1
6,14,21,182,182,416,2,182,1,234,GEEN,atypical,no_interf,MIS,MIS,h,1,-1,-1
6,14,9,580,384,642,1,220,1,422,EEN,atypical,no_interf,MIS,MIS,d,-1,-1,-1
6,14,16,352,352,352,2,352,0,0,EEN,typical,no_interf,MATCH,MIS,b,-1,1,-1
6,14,6,262,262,488,2,262,1,226,GEEN,typical,interf,MATCH,MATCH,e,1,1,1
6,14,3,0,0,0,0,0,0,0,GEEN,atypical,interf,MIS,MATCH,g,1,-1,1
6,14,5,1280,446,770,1,244,1,526,GEEN,atypical,no_interf,MIS,MIS,h,1,-1,-1
6,14,13,470,470,470,2,470,0,0,GEEN,atypical,no_interf,MIS,MIS,h,1,-1,-1
6,14,20,808,808,808,2,808,0,0,GEEN,typical,no_interf,MATCH,MIS,f,1,1,-1
6,14,18,208,208,208,2,208,0,0,EEN,typical,interf,MATCH,MATCH,a,-1,1,1
6,14,30,228,228,228,2,228,0,0,GEEN,typical,interf,MATCH,MATCH,e,1,1,1
6,14,19,186,186,842,2,186,1,656,GEEN,atypical,interf,MIS,MATCH,g,1,-1,1
6,14,4,318,318,568,2,318,1,250,GEEN,typical,no_interf,MATCH,MIS,f,1,1,-1
6,14,1,0,0,716,0,0,1,716,EEN,atypical,no_interf,MIS,MIS,d,-1,-1,-1
6,14,11,330,330,1324,2,330,1,994,GEEN,atypical,interf,MIS,MATCH,g,1,-1,1
6,14,17,388,388,388,2,388,0,0,EEN,atypical,no_interf,MIS,MIS,d,-1,-1,-1
6,14,28,458,458,1058,2,458,1,600,GEEN,typical,no_interf,MATCH,MIS,f,1,1,-1
6,14,12,0,0,414,0,0,1,414,GEEN,typical,no_interf,MATCH,MIS,f,1,1,-1
6,14,32,292,292,468,2,292,1,176,EEN,typical,no_interf,MATCH,MIS,b,-1,1,-1
6,14,15,488,488,724,2,488,1,236,EEN,atypical,interf,MIS,MATCH,c,-1,-1,1
6,14,27,190,190,492,2,190,1,302,GEEN,atypical,interf,MIS,MATCH,g,1,-1,1
6,14,8,666,372,372,1,130,1,242,EEN,typical,no_interf,MATCH,MIS,b,-1,1,-1
6,14,29,484,484,484,2,484,0,0,GEEN,atypical,no_interf,MIS,MIS,h,1,-1,-1
6,14,31,246,246,620,2,246,1,374,EEN,atypical,interf,MIS,MATCH,c,-1,-1,1
6,14,23,300,300,300,2,300,0,0,EEN,atypical,interf,MIS,MATCH,c,-1,-1,1
6,14,7,0,0,158,0,0,1,158,EEN,atypical,interf,MIS,MATCH,c,-1,-1,1
6,22,26,150,150,150,2,150,0,0,EEN,typical,interf,MATCH,MATCH,a,-1,1,1
6,22,19,0,0,204,0,0,1,204,GEEN,atypical,interf,MIS,MATCH,g,1,-1,1
6,22,2,364,364,480,2,364,1,116,EEN,typical,interf,MATCH,MATCH,a,-1,1,1
6,22,31,184,184,184,2,184,0,0,EEN,atypical,interf,MIS,MATCH,c,-1,-1,1
6,22,17,698,532,532,1,190,1,342,EEN,atypical,no_interf,MIS,MIS,d,-1,-1,-1
6,22,20,190,190,190,2,190,0,0,GEEN,typical,no_interf,MATCH,MIS,f,1,1,-1
6,22,29,204,204,204,2,204,0,0,GEEN,atypical,no_interf,MIS,MIS,h,1,-1,-1
6,22,13,278,278,278,2,278,0,0,GEEN,atypical,no_interf,MIS,MIS,h,1,-1,-1
6,22,22,670,496,496,1,302,1,194,GEEN,typical,interf,MATCH,MATCH,e,1,1,1
6,22,28,224,224,224,2,224,0,0,GEEN,typical,no_interf,MATCH,MIS,f,1,1,-1
6,22,15,206,206,206,2,206,0,0,EEN,atypical,interf,MIS,MATCH,c,-1,-1,1
6,22,1,186,186,186,2,186,0,0,EEN,atypical,no_interf,MIS,MIS,d,-1,-1,-1
6,22,27,194,194,1148,2,194,1,954,GEEN,atypical,interf,MIS,MATCH,g,1,-1,1
6,22,8,168,168,168,2,168,0,0,EEN,typical,no_interf,MATCH,MIS,b,-1,1,-1
6,22,7,186,186,186,2,186,0,0,EEN,atypical,interf,MIS,MATCH,c,-1,-1,1
6,22,30,222,222,222,2,222,0,0,GEEN,typical,interf,MATCH,MATCH,e,1,1,1
6,22,21,192,192,192,2,192,0,0,GEEN,atypical,no_interf,MIS,MIS,h,1,-1,-1
6,22,9,316,316,476,2,316,1,160,EEN,atypical,no_interf,MIS,MIS,d,-1,-1,-1
6,22,10,204,204,204,2,204,0,0,EEN,typical,interf,MATCH,MATCH,a,-1,1,1
6,22,6,276,276,276,2,276,0,0,GEEN,typical,interf,MATCH,MATCH,e,1,1,1
6,22,5,0,0,0,0,0,0,0,GEEN,atypical,no_interf,MIS,MIS,h,1,-1,-1
6,22,23,296,296,296,2,296,0,0,EEN,atypical,interf,MIS,MATCH,c,-1,-1,1
6,22,18,158,158,158,2,158,0,0,EEN,typical,interf,MATCH,MATCH,a,-1,1,1
6,22,25,222,222,222,2,222,0,0,EEN,atypical,no_interf,MIS,MIS,d,-1,-1,-1
6,22,12,0,0,0,0,0,0,0,GEEN,typical,no_interf,MATCH,MIS,f,1,1,-1
6,22,32,306,306,474,2,306,1,168,EEN,typical,no_interf,MATCH,MIS,b,-1,1,-1
6,22,4,178,178,236,2,178,1,58,GEEN,typical,no_interf,MATCH,MIS,f,1,1,-1
6,22,3,0,0,0,0,0,0,0,GEEN,atypical,interf,MIS,MATCH,g,1,-1,1
6,22,16,174,174,174,2,174,0,0,EEN,typical,no_interf,MATCH,MIS,b,-1,1,-1
6,22,11,182,182,182,2,182,0,0,GEEN,atypical,interf,MIS,MATCH,g,1,-1,1
6,30,23,198,198,360,2,198,1,162,EEN,atypical,interf,MIS,MATCH,c,-1,-1,1
6,30,8,230,230,230,2,230,0,0,EEN,typical,no_interf,MATCH,MIS,b,-1,1,-1
6,30,31,188,188,188,2,188,0,0,EEN,atypical,interf,MIS,MATCH,c,-1,-1,1
6,30,19,182,182,442,2,182,1,260,GEEN,atypical,interf,MIS,MATCH,g,1,-1,1
6,30,13,194,194,194,2,194,0,0,GEEN,atypical,no_interf,MIS,MIS,h,1,-1,-1
6,30,2,186,186,186,2,186,0,0,EEN,typical,interf,MATCH,MATCH,a,-1,1,1
6,30,18,182,182,182,2,182,0,0,EEN,typical,interf,MATCH,MATCH,a,-1,1,1
6,30,20,172,172,172,2,172,0,0,GEEN,typical,no_interf,MATCH,MIS,f,1,1,-1
6,30,32,824,434,434,1,278,1,156,EEN,typical,no_interf,MATCH,MIS,b,-1,1,-1
6,30,22,214,214,214,2,214,0,0,GEEN,typical,interf,MATCH,MATCH,e,1,1,1
6,30,26,514,272,272,1,272,0,0,EEN,typical,interf,MATCH,MATCH,a,-1,1,1
6,30,10,224,224,224,2,224,0,0,EEN,typical,interf,MATCH,MATCH,a,-1,1,1
6,30,9,264,264,338,2,264,1,74,EEN,atypical,no_interf,MIS,MIS,d,-1,-1,-1
6,30,25,378,378,378,2,378,0,0,EEN,atypical,no_interf,MIS,MIS,d,-1,-1,-1
6,30,15,350,350,688,2,350,1,338,EEN,atypical,interf,MIS,MATCH,c,-1,-1,1
6,30,29,174,174,174,2,174,0,0,GEEN,atypical,no_interf,MIS,MIS,h,1,-1,-1
6,30,12,226,226,226,2,226,0,0,GEEN,typical,no_interf,MATCH,MIS,f,1,1,-1
6,30,11,182,182,182,2,182,0,0,GEEN,atypical,interf,MIS,MATCH,g,1,-1,1
6,30,30,392,392,392,2,392,0,0,GEEN,typical,interf,MATCH,MATCH,e,1,1,1
6,30,17,212,212,212,2,212,0,0,EEN,atypical,no_interf,MIS,MIS,d,-1,-1,-1
6,30,6,212,212,212,2,212,0,0,GEEN,typical,interf,MATCH,MATCH,e,1,1,1
6,30,28,170,170,170,2,170,0,0,GEEN,typical,no_interf,MATCH,MIS,f,1,1,-1
6,30,5,222,222,222,2,222,0,0,GEEN,atypical,no_interf,MIS,MIS,h,1,-1,-1
6,30,4,174,174,174,2,174,0,0,GEEN,typical,no_interf,MATCH,MIS,f,1,1,-1
6,30,7,316,316,316,2,316,0,0,EEN,atypical,interf,MIS,MATCH,c,-1,-1,1
6,30,27,302,302,302,2,302,0,0,GEEN,atypical,interf,MIS,MATCH,g,1,-1,1
6,30,1,258,258,258,2,258,0,0,EEN,atypical,no_interf,MIS,MIS,d,-1,-1,-1
6,30,16,608,388,602,1,170,1,432,EEN,typical,no_interf,MATCH,MIS,b,-1,1,-1
6,30,21,208,208,208,2,208,0,0,GEEN,atypical,no_interf,MIS,MIS,h,1,-1,-1
6,30,3,362,362,362,2,362,0,0,GEEN,atypical,interf,MIS,MATCH,g,1,-1,1
6,38,12,208,208,368,2,208,1,160,GEEN,typical,no_interf,MATCH,MIS,f,1,1,-1
6,38,8,888,418,606,1,148,1,458,EEN,typical,no_interf,MATCH,MIS,b,-1,1,-1
6,38,19,630,630,770,2,630,1,140,GEEN,atypical,interf,MIS,MATCH,g,1,-1,1
6,38,20,606,606,2064,2,606,1,1458,GEEN,typical,no_interf,MATCH,MIS,f,1,1,-1
6,38,7,728,454,512,1,278,1,234,EEN,atypical,interf,MIS,MATCH,c,-1,-1,1
6,38,16,418,418,1272,2,418,1,854,EEN,typical,no_interf,MATCH,MIS,b,-1,1,-1
6,38,23,492,492,652,2,492,1,160,EEN,atypical,interf,MIS,MATCH,c,-1,-1,1
6,38,15,388,388,800,2,388,1,412,EEN,atypical,interf,MIS,MATCH,c,-1,-1,1
6,38,31,442,442,824,2,442,1,382,EEN,atypical,interf,MIS,MATCH,c,-1,-1,1
6,38,26,170,170,356,2,170,1,186,EEN,typical,interf,MATCH,MATCH,a,-1,1,1
6,38,13,332,332,882,2,332,1,550,GEEN,atypical,no_interf,MIS,MIS,h,1,-1,-1
6,38,11,646,488,1214,1,172,1,1042,GEEN,atypical,interf,MIS,MATCH,g,1,-1,1
6,38,17,586,586,756,2,586,1,170,EEN,atypical,no_interf,MIS,MIS,d,-1,-1,-1
6,38,6,408,408,408,2,408,0,0,GEEN,typical,interf,MATCH,MATCH,e,1,1,1
6,38,32,512,512,1564,2,512,1,1052,EEN,typical,no_interf,MATCH,MIS,b,-1,1,-1
6,38,10,368,368,1242,2,368,1,874,EEN,typical,interf,MATCH,MATCH,a,-1,1,1
6,38,21,784,566,566,1,566,0,0,GEEN,atypical,no_interf,MIS,MIS,h,1,-1,-1
6,38,9,664,664,1200,2,664,1,536,EEN,atypical,no_interf,MIS,MIS,d,-1,-1,-1
6,38,3,220,220,220,2,220,0,0,GEEN,atypical,interf,MIS,MATCH,g,1,-1,1
6,38,29,250,250,826,2,250,1,576,GEEN,atypical,no_interf,MIS,MIS,h,1,-1,-1
6,38,22,860,602,1012,1,336,1,676,GEEN,typical,interf,MATCH,MATCH,e,1,1,1
6,38,28,192,192,802,2,192,1,610,GEEN,typical,no_interf,MATCH,MIS,f,1,1,-1
6,38,30,374,374,788,2,374,1,414,GEEN,typical,interf,MATCH,MATCH,e,1,1,1
6,38,2,196,196,558,2,196,1,362,EEN,typical,interf,MATCH,MATCH,a,-1,1,1
6,38,27,852,852,1370,2,852,1,518,GEEN,atypical,interf,MIS,MATCH,g,1,-1,1
6,38,4,728,728,918,2,728,1,190,GEEN,typical,no_interf,MATCH,MIS,f,1,1,-1
6,38,25,410,410,1212,2,410,1,802,EEN,atypical,no_interf,MIS,MIS,d,-1,-1,-1
6,38,1,556,556,1116,2,556,1,560,EEN,atypical,no_interf,MIS,MIS,d,-1,-1,-1
6,38,18,328,328,360,2,328,1,32,EEN,typical,interf,MATCH,MATCH,a,-1,1,1
6,38,5,416,416,590,2,416,1,174,GEEN,atypical,no_interf,MIS,MIS,h,1,-1,-1
6,44,26,0,0,162,0,0,1,162,EEN,typical,interf,MATCH,MATCH,a,-1,1,1
6,44,30,650,172,172,1,172,0,0,GEEN,typical,interf,MATCH,MATCH,e,1,1,1
6,44,31,178,178,586,2,178,1,408,EEN,atypical,interf,MIS,MATCH,c,-1,-1,1
6,44,5,152,152,908,2,152,1,756,GEEN,atypical,no_interf,MIS,MIS,h,1,-1,-1
6,44,19,226,226,226,2,226,0,0,GEEN,atypical,interf,MIS,MATCH,g,1,-1,1
6,44,1,174,174,578,2,174,1,404,EEN,atypical,no_interf,MIS,MIS,d,-1,-1,-1
6,44,3,166,166,374,2,166,1,208,GEEN,atypical,interf,MIS,MATCH,g,1,-1,1
6,44,7,174,174,734,2,174,1,560,EEN,atypical,interf,MIS,MATCH,c,-1,-1,1
6,44,32,150,150,370,2,150,1,220,EEN,typical,no_interf,MATCH,MIS,b,-1,1,-1
6,44,28,170,170,384,2,170,1,214,GEEN,typical,no_interf,MATCH,MIS,f,1,1,-1
6,44,15,244,140,296,1,140,1,156,EEN,atypical,interf,MIS,MATCH,c,-1,-1,1
6,44,23,392,392,590,2,392,1,198,EEN,atypical,interf,MIS,MATCH,c,-1,-1,1
6,44,27,182,182,656,2,182,1,474,GEEN,atypical,interf,MIS,MATCH,g,1,-1,1
6,44,29,0,0,0,0,0,0,0,GEEN,atypical,no_interf,MIS,MIS,h,1,-1,-1
6,44,17,1776,778,778,1,282,1,496,EEN,atypical,no_interf,MIS,MIS,d,-1,-1,-1
6,44,25,262,262,566,2,262,1,304,EEN,atypical,no_interf,MIS,MIS,d,-1,-1,-1
6,44,9,582,370,634,1,204,1,430,EEN,atypical,no_interf,MIS,MIS,d,-1,-1,-1
6,44,8,432,432,632,2,432,1,200,EEN,typical,no_interf,MATCH,MIS,b,-1,1,-1
6,44,21,198,198,428,2,198,1,230,GEEN,atypical,no_interf,MIS,MIS,h,1,-1,-1
6,44,11,192,192,1402,2,192,1,1210,GEEN,atypical,interf,MIS,MATCH,g,1,-1,1
6,44,6,176,176,352,2,176,1,176,GEEN,typical,interf,MATCH,MATCH,e,1,1,1
6,44,16,496,332,740,1,148,1,592,EEN,typical,no_interf,MATCH,MIS,b,-1,1,-1
6,44,20,2220,532,1118,1,106,1,1012,GEEN,typical,no_interf,MATCH,MIS,f,1,1,-1
6,44,12,164,164,336,2,164,1,172,GEEN,typical,no_interf,MATCH,MIS,f,1,1,-1
6,44,22,172,172,172,2,172,0,0,GEEN,typical,interf,MATCH,MATCH,e,1,1,1
6,44,2,166,166,166,2,166,0,0,EEN,typical,interf,MATCH,MATCH,a,-1,1,1
6,44,18,564,394,584,1,144,1,440,EEN,typical,interf,MATCH,MATCH,a,-1,1,1
6,44,13,0,0,470,0,0,1,470,GEEN,atypical,no_interf,MIS,MIS,h,1,-1,-1
6,44,4,272,272,272,2,272,0,0,GEEN,typical,no_interf,MATCH,MIS,f,1,1,-1
6,44,10,196,196,498,2,196,1,302,EEN,typical,interf,MATCH,MATCH,a,-1,1,1
6,52,2,254,254,254,2,254,0,0,EEN,typical,interf,MATCH,MATCH,a,-1,1,1
6,52,12,206,206,206,2,206,0,0,GEEN,typical,no_interf,MATCH,MIS,f,1,1,-1
6,52,16,722,722,1178,2,722,1,456,EEN,typical,no_interf,MATCH,MIS,b,-1,1,-1
6,52,28,220,220,220,2,220,0,0,GEEN,typical,no_interf,MATCH,MIS,f,1,1,-1
6,52,22,0,0,0,0,0,0,0,GEEN,typical,interf,MATCH,MATCH,e,1,1,1
6,52,20,332,332,1112,2,332,1,780,GEEN,typical,no_interf,MATCH,MIS,f,1,1,-1
6,52,25,1826,770,1176,1,186,1,990,EEN,atypical,no_interf,MIS,MIS,d,-1,-1,-1
6,52,8,394,394,580,2,394,1,186,EEN,typical,no_interf,MATCH,MIS,b,-1,1,-1
6,52,3,524,524,1204,2,524,1,680,GEEN,atypical,interf,MIS,MATCH,g,1,-1,1
6,52,21,414,414,908,2,414,1,494,GEEN,atypical,no_interf,MIS,MIS,h,1,-1,-1
6,52,26,210,210,210,2,210,0,0,EEN,typical,interf,MATCH,MATCH,a,-1,1,1
6,52,15,126,126,552,2,126,1,426,EEN,atypical,interf,MIS,MATCH,c,-1,-1,1
6,52,17,162,162,328,2,162,1,166,EEN,atypical,no_interf,MIS,MIS,d,-1,-1,-1
6,52,6,214,214,214,2,214,0,0,GEEN,typical,interf,MATCH,MATCH,e,1,1,1
6,52,4,302,302,302,2,302,0,0,GEEN,typical,no_interf,MATCH,MIS,f,1,1,-1
6,52,5,0,0,692,0,0,1,692,GEEN,atypical,no_interf,MIS,MIS,h,1,-1,-1
6,52,32,346,122,122,1,122,0,0,EEN,typical,no_interf,MATCH,MIS,b,-1,1,-1
6,52,29,372,372,372,2,372,0,0,GEEN,atypical,no_interf,MIS,MIS,h,1,-1,-1
6,52,7,634,634,634,2,634,0,0,EEN,atypical,interf,MIS,MATCH,c,-1,-1,1
6,52,19,340,340,1164,2,340,1,824,GEEN,atypical,interf,MIS,MATCH,g,1,-1,1
6,52,31,314,314,314,2,314,0,0,EEN,atypical,interf,MIS,MATCH,c,-1,-1,1
6,52,18,234,234,234,2,234,0,0,EEN,typical,interf,MATCH,MATCH,a,-1,1,1
6,52,11,458,280,280,1,280,0,0,GEEN,atypical,interf,MIS,MATCH,g,1,-1,1
6,52,23,858,634,910,1,252,1,658,EEN,atypical,interf,MIS,MATCH,c,-1,-1,1
6,52,27,584,584,584,2,584,0,0,GEEN,atypical,interf,MIS,MATCH,g,1,-1,1
6,52,13,266,266,442,2,266,1,176,GEEN,atypical,no_interf,MIS,MIS,h,1,-1,-1
6,52,9,370,370,530,2,370,1,160,EEN,atypical,no_interf,MIS,MIS,d,-1,-1,-1
6,52,1,828,828,922,2,828,1,94,EEN,atypical,no_interf,MIS,MIS,d,-1,-1,-1
6,52,30,222,222,222,2,222,0,0,GEEN,typical,interf,MATCH,MATCH,e,1,1,1
6,52,10,214,214,214,2,214,0,0,EEN,typical,interf,MATCH,MATCH,a,-1,1,1
6,7,5,0,0,162,0,0,1,162,GEEN,typical,no_interf,MATCH,MIS,f,1,1,-1
6,7,20,162,162,304,2,162,1,142,GEEN,atypical,interf,MIS,MATCH,g,1,-1,1
6,7,12,268,268,454,2,268,1,186,GEEN,atypical,interf,MIS,MATCH,g,1,-1,1
6,7,21,148,148,148,2,148,0,0,GEEN,typical,no_interf,MATCH,MIS,f,1,1,-1
6,7,11,220,220,220,2,220,0,0,EEN,typical,interf,MATCH,MATCH,a,-1,1,1
6,7,31,0,0,0,0,0,0,0,GEEN,typical,interf,MATCH,MATCH,e,1,1,1
6,7,32,352,352,352,2,352,0,0,EEN,atypical,interf,MIS,MATCH,c,-1,-1,1
6,7,18,140,140,140,2,140,0,0,EEN,atypical,no_interf,MIS,MIS,d,-1,-1,-1
6,7,15,0,0,0,0,0,0,0,GEEN,typical,interf,MATCH,MATCH,e,1,1,1
6,7,1,290,290,520,2,290,1,230,EEN,typical,no_interf,MATCH,MIS,b,-1,1,-1
6,7,3,0,0,134,0,0,1,134,EEN,typical,interf,MATCH,MATCH,a,-1,1,1
6,7,19,170,170,170,2,170,0,0,EEN,typical,interf,MATCH,MATCH,a,-1,1,1
6,7,9,774,550,550,1,142,1,408,EEN,typical,no_interf,MATCH,MIS,b,-1,1,-1
6,7,4,152,152,266,2,152,1,114,GEEN,atypical,interf,MIS,MATCH,g,1,-1,1
6,7,13,290,290,290,2,290,0,0,GEEN,typical,no_interf,MATCH,MIS,f,1,1,-1
6,7,8,0,0,0,0,0,0,0,EEN,atypical,interf,MIS,MATCH,c,-1,-1,1
6,7,28,140,140,140,2,140,0,0,GEEN,atypical,interf,MIS,MATCH,g,1,-1,1
6,7,10,138,138,138,2,138,0,0,EEN,atypical,no_interf,MIS,MIS,d,-1,-1,-1
6,7,22,274,158,158,1,158,0,0,GEEN,atypical,no_interf,MIS,MIS,h,1,-1,-1
6,7,26,0,0,0,0,0,0,0,EEN,atypical,no_interf,MIS,MIS,d,-1,-1,-1
6,7,25,170,170,170,2,170,0,0,EEN,typical,no_interf,MATCH,MIS,b,-1,1,-1
6,7,29,458,286,286,1,158,1,128,GEEN,typical,no_interf,MATCH,MIS,f,1,1,-1
6,7,2,160,160,160,2,160,0,0,EEN,atypical,no_interf,MIS,MIS,d,-1,-1,-1
6,7,16,322,162,194,1,162,1,32,EEN,atypical,interf,MIS,MATCH,c,-1,-1,1
6,7,6,178,178,178,2,178,0,0,GEEN,atypical,no_interf,MIS,MIS,h,1,-1,-1
6,7,23,0,0,90,0,0,1,90,GEEN,typical,interf,MATCH,MATCH,e,1,1,1
6,7,17,296,296,296,2,296,0,0,EEN,typical,no_interf,MATCH,MIS,b,-1,1,-1
6,7,30,462,144,276,1,144,1,132,GEEN,atypical,no_interf,MIS,MIS,h,1,-1,-1
6,7,27,0,0,0,0,0,0,0,EEN,typical,interf,MATCH,MATCH,a,-1,1,1
6,7,7,314,158,158,1,158,0,0,GEEN,typical,interf,MATCH,MATCH,e,1,1,1
6,15,10,272,272,516,2,272,1,244,EEN,atypical,no_interf,MIS,MIS,d,-1,-1,-1
6,15,7,604,386,558,1,324,1,234,GEEN,typical,interf,MATCH,MATCH,e,1,1,1
6,15,9,214,214,214,2,214,0,0,EEN,typical,no_interf,MATCH,MIS,b,-1,1,-1
6,15,31,0,0,0,0,0,0,0,GEEN,typical,interf,MATCH,MATCH,e,1,1,1
6,15,11,134,134,134,2,134,0,0,EEN,typical,interf,MATCH,MATCH,a,-1,1,1
6,15,3,170,170,594,2,170,1,424,EEN,typical,interf,MATCH,MATCH,a,-1,1,1
6,15,23,0,0,180,0,0,1,180,GEEN,typical,interf,MATCH,MATCH,e,1,1,1
6,15,19,170,170,170,2,170,0,0,EEN,typical,interf,MATCH,MATCH,a,-1,1,1
6,15,17,616,328,328,1,166,1,162,EEN,typical,no_interf,MATCH,MIS,b,-1,1,-1
6,15,8,0,0,408,0,0,1,408,EEN,atypical,interf,MIS,MATCH,c,-1,-1,1
6,15,1,200,200,200,2,200,0,0,EEN,typical,no_interf,MATCH,MIS,b,-1,1,-1
6,15,29,322,322,322,2,322,0,0,GEEN,typical,no_interf,MATCH,MIS,f,1,1,-1
6,15,32,210,210,458,2,210,1,248,EEN,atypical,interf,MIS,MATCH,c,-1,-1,1
6,15,21,238,238,238,2,238,0,0,GEEN,typical,no_interf,MATCH,MIS,f,1,1,-1
6,15,15,206,206,206,2,206,0,0,GEEN,typical,interf,MATCH,MATCH,e,1,1,1
6,15,26,318,318,318,2,318,0,0,EEN,atypical,no_interf,MIS,MIS,d,-1,-1,-1
6,15,20,218,218,372,2,218,1,154,GEEN,atypical,interf,MIS,MATCH,g,1,-1,1
6,15,27,470,340,340,1,340,0,0,EEN,typical,interf,MATCH,MATCH,a,-1,1,1
6,15,28,334,334,558,2,334,1,224,GEEN,atypical,interf,MIS,MATCH,g,1,-1,1
6,15,25,168,168,168,2,168,0,0,EEN,typical,no_interf,MATCH,MIS,b,-1,1,-1
6,15,4,212,212,212,2,212,0,0,GEEN,atypical,interf,MIS,MATCH,g,1,-1,1
6,15,13,294,294,294,2,294,0,0,GEEN,typical,no_interf,MATCH,MIS,f,1,1,-1
6,15,30,216,216,422,2,216,1,206,GEEN,atypical,no_interf,MIS,MIS,h,1,-1,-1
6,15,16,212,212,380,2,212,1,168,EEN,atypical,interf,MIS,MATCH,c,-1,-1,1
6,15,18,202,202,616,2,202,1,414,EEN,atypical,no_interf,MIS,MIS,d,-1,-1,-1
6,15,2,358,358,574,2,358,1,216,EEN,atypical,no_interf,MIS,MIS,d,-1,-1,-1
6,15,6,198,198,606,2,198,1,408,GEEN,atypical,no_interf,MIS,MIS,h,1,-1,-1
6,15,5,342,342,342,2,342,0,0,GEEN,typical,no_interf,MATCH,MIS,f,1,1,-1
6,15,22,216,216,216,2,216,0,0,GEEN,atypical,no_interf,MIS,MIS,h,1,-1,-1
6,15,12,186,186,186,2,186,0,0,GEEN,atypical,interf,MIS,MATCH,g,1,-1,1
6,23,22,876,360,512,1,192,1,320,GEEN,atypical,no_interf,MIS,MIS,h,1,-1,-1
6,23,2,204,204,330,2,204,1,126,EEN,atypical,no_interf,MIS,MIS,d,-1,-1,-1
6,23,23,214,214,524,2,214,1,310,GEEN,typical,interf,MATCH,MATCH,e,1,1,1
6,23,25,250,250,250,2,250,0,0,EEN,typical,no_interf,MATCH,MIS,b,-1,1,-1
6,23,32,210,210,356,2,210,1,146,EEN,atypical,interf,MIS,MATCH,c,-1,-1,1
6,23,17,206,206,206,2,206,0,0,EEN,typical,no_interf,MATCH,MIS,b,-1,1,-1
6,23,18,256,256,256,2,256,0,0,EEN,atypical,no_interf,MIS,MIS,d,-1,-1,-1
6,23,11,218,218,218,2,218,0,0,EEN,typical,interf,MATCH,MATCH,a,-1,1,1
6,23,19,176,176,176,2,176,0,0,EEN,typical,interf,MATCH,MATCH,a,-1,1,1
6,23,15,190,190,980,2,190,1,790,GEEN,typical,interf,MATCH,MATCH,e,1,1,1
6,23,13,994,424,424,1,218,1,206,GEEN,typical,no_interf,MATCH,MIS,f,1,1,-1
6,23,30,548,548,748,2,548,1,200,GEEN,atypical,no_interf,MIS,MIS,h,1,-1,-1
6,23,16,0,0,418,0,0,1,418,EEN,atypical,interf,MIS,MATCH,c,-1,-1,1
6,23,3,438,438,438,2,438,0,0,EEN,typical,interf,MATCH,MATCH,a,-1,1,1
6,23,29,278,278,554,2,278,1,276,GEEN,typical,no_interf,MATCH,MIS,f,1,1,-1
6,23,4,258,258,492,2,258,1,234,GEEN,atypical,interf,MIS,MATCH,g,1,-1,1
6,23,12,278,278,278,2,278,0,0,GEEN,atypical,interf,MIS,MATCH,g,1,-1,1
6,23,6,154,154,504,2,154,1,350,GEEN,atypical,no_interf,MIS,MIS,h,1,-1,-1
6,23,10,978,688,688,1,242,1,446,EEN,atypical,no_interf,MIS,MIS,d,-1,-1,-1
6,23,8,430,156,388,1,156,1,232,EEN,atypical,interf,MIS,MATCH,c,-1,-1,1
6,23,9,484,484,902,2,484,1,418,EEN,typical,no_interf,MATCH,MIS,b,-1,1,-1
6,23,21,224,224,224,2,224,0,0,GEEN,typical,no_interf,MATCH,MIS,f,1,1,-1
6,23,7,508,356,356,1,170,1,186,GEEN,typical,interf,MATCH,MATCH,e,1,1,1
6,23,27,320,320,320,2,320,0,0,EEN,typical,interf,MATCH,MATCH,a,-1,1,1
6,23,20,186,186,494,2,186,1,308,GEEN,atypical,interf,MIS,MATCH,g,1,-1,1
6,23,26,656,358,358,1,132,1,226,EEN,atypical,no_interf,MIS,MIS,d,-1,-1,-1
6,23,5,148,148,148,2,148,0,0,GEEN,typical,no_interf,MATCH,MIS,f,1,1,-1
6,23,1,822,568,824,1,380,1,444,EEN,typical,no_interf,MATCH,MIS,b,-1,1,-1
6,23,28,386,386,386,2,386,0,0,GEEN,atypical,interf,MIS,MATCH,g,1,-1,1
6,23,31,168,168,168,2,168,0,0,GEEN,typical,interf,MATCH,MATCH,e,1,1,1
6,31,29,574,574,1458,2,574,1,884,GEEN,typical,no_interf,MATCH,MIS,f,1,1,-1
6,31,13,412,412,820,2,412,1,408,GEEN,typical,no_interf,MATCH,MIS,f,1,1,-1
6,31,26,240,240,432,2,240,1,192,EEN,atypical,no_interf,MIS,MIS,d,-1,-1,-1
6,31,27,392,392,1126,2,392,1,734,EEN,typical,interf,MATCH,MATCH,a,-1,1,1
6,31,3,496,496,986,2,496,1,490,EEN,typical,interf,MATCH,MATCH,a,-1,1,1
6,31,31,372,372,666,2,372,1,294,GEEN,typical,interf,MATCH,MATCH,e,1,1,1
6,31,18,544,544,1238,2,544,1,694,EEN,atypical,no_interf,MIS,MIS,d,-1,-1,-1
6,31,30,1244,954,1916,1,490,1,1426,GEEN,atypical,no_interf,MIS,MIS,h,1,-1,-1
6,31,23,956,956,1430,2,956,1,474,GEEN,typical,interf,MATCH,MATCH,e,1,1,1
6,31,17,812,674,674,1,336,1,338,EEN,typical,no_interf,MATCH,MIS,b,-1,1,-1
6,31,10,492,492,996,2,492,1,504,EEN,atypical,no_interf,MIS,MIS,d,-1,-1,-1
6,31,32,476,476,934,2,476,1,458,EEN,atypical,interf,MIS,MATCH,c,-1,-1,1
6,31,19,194,194,194,2,194,0,0,EEN,typical,interf,MATCH,MATCH,a,-1,1,1
6,31,15,628,628,628,2,628,0,0,GEEN,typical,interf,MATCH,MATCH,e,1,1,1
6,31,8,1402,1098,1526,1,142,1,1384,EEN,atypical,interf,MIS,MATCH,c,-1,-1,1
6,31,9,214,214,214,2,214,0,0,EEN,typical,no_interf,MATCH,MIS,b,-1,1,-1
6,31,20,414,414,414,2,414,0,0,GEEN,atypical,interf,MIS,MATCH,g,1,-1,1
6,31,2,550,550,916,2,550,1,366,EEN,atypical,no_interf,MIS,MIS,d,-1,-1,-1
6,31,11,1104,550,550,1,132,1,418,EEN,typical,interf,MATCH,MATCH,a,-1,1,1
6,31,6,244,244,832,2,244,1,588,GEEN,atypical,no_interf,MIS,MIS,h,1,-1,-1
6,31,22,1156,882,882,1,390,1,492,GEEN,atypical,no_interf,MIS,MIS,h,1,-1,-1
6,31,1,480,480,480,2,480,0,0,EEN,typical,no_interf,MATCH,MIS,b,-1,1,-1
6,31,12,488,488,844,2,488,1,356,GEEN,atypical,interf,MIS,MATCH,g,1,-1,1
6,31,28,600,600,1082,2,600,1,482,GEEN,atypical,interf,MIS,MATCH,g,1,-1,1
6,31,7,1156,946,946,1,150,1,796,GEEN,typical,interf,MATCH,MATCH,e,1,1,1
6,31,21,466,466,538,2,466,1,72,GEEN,typical,no_interf,MATCH,MIS,f,1,1,-1
6,31,16,690,690,774,2,690,1,84,EEN,atypical,interf,MIS,MATCH,c,-1,-1,1
6,31,5,262,262,262,2,262,0,0,GEEN,typical,no_interf,MATCH,MIS,f,1,1,-1
6,31,4,564,564,564,2,564,0,0,GEEN,atypical,interf,MIS,MATCH,g,1,-1,1
6,31,25,804,472,616,1,232,1,384,EEN,typical,no_interf,MATCH,MIS,b,-1,1,-1
6,39,3,570,570,570,2,570,0,0,EEN,typical,interf,MATCH,MATCH,a,-1,1,1
6,39,16,236,236,236,2,236,0,0,EEN,atypical,interf,MIS,MATCH,c,-1,-1,1
6,39,29,504,142,440,1,142,1,298,GEEN,typical,no_interf,MATCH,MIS,f,1,1,-1
6,39,18,236,236,680,2,236,1,444,EEN,atypical,no_interf,MIS,MIS,d,-1,-1,-1
6,39,12,0,0,278,0,0,1,278,GEEN,atypical,interf,MIS,MATCH,g,1,-1,1
6,39,27,266,266,424,2,266,1,158,EEN,typical,interf,MATCH,MATCH,a,-1,1,1
6,39,7,512,512,1198,2,512,1,686,GEEN,typical,interf,MATCH,MATCH,e,1,1,1
6,39,23,0,0,448,0,0,1,448,GEEN,typical,interf,MATCH,MATCH,e,1,1,1
6,39,2,236,236,450,2,236,1,214,EEN,atypical,no_interf,MIS,MIS,d,-1,-1,-1
6,39,10,284,284,284,2,284,0,0,EEN,atypical,no_interf,MIS,MIS,d,-1,-1,-1
6,39,22,1270,772,772,1,142,1,630,GEEN,atypical,no_interf,MIS,MIS,h,1,-1,-1
6,39,28,0,0,1034,0,0,1,1034,GEEN,atypical,interf,MIS,MATCH,g,1,-1,1
6,39,4,410,410,498,2,410,1,88,GEEN,atypical,interf,MIS,MATCH,g,1,-1,1
6,39,21,224,224,224,2,224,0,0,GEEN,typical,no_interf,MATCH,MIS,f,1,1,-1
6,39,11,218,218,218,2,218,0,0,EEN,typical,interf,MATCH,MATCH,a,-1,1,1
6,39,15,1198,912,912,1,382,1,530,GEEN,typical,interf,MATCH,MATCH,e,1,1,1
6,39,31,0,0,264,0,0,1,264,GEEN,typical,interf,MATCH,MATCH,e,1,1,1
6,39,17,0,0,594,0,0,1,594,EEN,typical,no_interf,MATCH,MIS,b,-1,1,-1
6,39,13,288,288,288,2,288,0,0,GEEN,typical,no_interf,MATCH,MIS,f,1,1,-1
6,39,5,154,154,154,2,154,0,0,GEEN,typical,no_interf,MATCH,MIS,f,1,1,-1
6,39,9,218,218,414,2,218,1,196,EEN,typical,no_interf,MATCH,MIS,b,-1,1,-1
6,39,1,336,336,682,2,336,1,346,EEN,typical,no_interf,MATCH,MIS,b,-1,1,-1
6,39,26,452,452,452,2,452,0,0,EEN,atypical,no_interf,MIS,MIS,d,-1,-1,-1
6,39,30,0,0,214,0,0,1,214,GEEN,atypical,no_interf,MIS,MIS,h,1,-1,-1
6,39,6,290,290,290,2,290,0,0,GEEN,atypical,no_interf,MIS,MIS,h,1,-1,-1
6,39,25,354,354,408,2,354,1,54,EEN,typical,no_interf,MATCH,MIS,b,-1,1,-1
6,39,19,254,254,254,2,254,0,0,EEN,typical,interf,MATCH,MATCH,a,-1,1,1
6,39,32,264,264,590,2,264,1,326,EEN,atypical,interf,MIS,MATCH,c,-1,-1,1
6,39,8,0,0,420,0,0,1,420,EEN,atypical,interf,MIS,MATCH,c,-1,-1,1
6,39,20,0,0,212,0,0,1,212,GEEN,atypical,interf,MIS,MATCH,g,1,-1,1
6,53,25,166,166,1572,2,166,1,1406,EEN,typical,no_interf,MATCH,MIS,b,-1,1,-1
6,53,18,606,606,606,2,606,0,0,EEN,atypical,no_interf,MIS,MIS,d,-1,-1,-1
6,53,11,352,352,352,2,352,0,0,EEN,typical,interf,MATCH,MATCH,a,-1,1,1
6,53,9,186,186,356,2,186,1,170,EEN,typical,no_interf,MATCH,MIS,b,-1,1,-1
6,53,1,154,154,410,2,154,1,256,EEN,typical,no_interf,MATCH,MIS,b,-1,1,-1
6,53,31,158,158,286,2,158,1,128,GEEN,typical,interf,MATCH,MATCH,e,1,1,1
6,53,16,0,0,156,0,0,1,156,EEN,atypical,interf,MIS,MATCH,c,-1,-1,1
6,53,27,182,182,332,2,182,1,150,EEN,typical,interf,MATCH,MATCH,a,-1,1,1
6,53,6,272,272,368,2,272,1,96,GEEN,atypical,no_interf,MIS,MIS,h,1,-1,-1
6,53,22,336,336,336,2,336,0,0,GEEN,atypical,no_interf,MIS,MIS,h,1,-1,-1
6,53,12,0,0,84,0,0,1,84,GEEN,atypical,interf,MIS,MATCH,g,1,-1,1
6,53,7,0,0,386,0,0,1,386,GEEN,typical,interf,MATCH,MATCH,e,1,1,1
6,53,4,878,646,1234,1,354,1,880,GEEN,atypical,interf,MIS,MATCH,g,1,-1,1
6,53,26,226,150,774,1,150,1,624,EEN,atypical,no_interf,MIS,MIS,d,-1,-1,-1
6,53,8,0,0,484,0,0,1,484,EEN,atypical,interf,MIS,MATCH,c,-1,-1,1
6,53,23,0,0,128,0,0,1,128,GEEN,typical,interf,MATCH,MATCH,e,1,1,1
6,53,13,222,222,386,2,222,1,164,GEEN,typical,no_interf,MATCH,MIS,f,1,1,-1
6,53,2,146,146,526,2,146,1,380,EEN,atypical,no_interf,MIS,MIS,d,-1,-1,-1
6,53,5,256,256,468,2,256,1,212,GEEN,typical,no_interf,MATCH,MIS,f,1,1,-1
6,53,32,186,186,186,2,186,0,0,EEN,atypical,interf,MIS,MATCH,c,-1,-1,1
6,53,17,172,172,340,2,172,1,168,EEN,typical,no_interf,MATCH,MIS,b,-1,1,-1
6,53,3,0,0,196,0,0,1,196,EEN,typical,interf,MATCH,MATCH,a,-1,1,1
6,53,20,214,214,642,2,214,1,428,GEEN,atypical,interf,MIS,MATCH,g,1,-1,1
6,53,21,0,0,156,0,0,1,156,GEEN,typical,no_interf,MATCH,MIS,f,1,1,-1
6,53,10,234,234,380,2,234,1,146,EEN,atypical,no_interf,MIS,MIS,d,-1,-1,-1
6,53,19,246,246,246,2,246,0,0,EEN,typical,interf,MATCH,MATCH,a,-1,1,1
6,53,30,256,256,256,2,256,0,0,GEEN,atypical,no_interf,MIS,MIS,h,1,-1,-1
6,53,29,0,0,142,0,0,1,142,GEEN,typical,no_interf,MATCH,MIS,f,1,1,-1
6,53,15,690,488,566,1,488,1,78,GEEN,typical,interf,MATCH,MATCH,e,1,1,1
6,53,28,0,0,492,0,0,1,492,GEEN,atypical,interf,MIS,MATCH,g,1,-1,1
6,8,29,622,622,1010,2,622,1,388,GEEN,atypical,interf,MIS,MATCH,g,1,-1,1
6,8,21,0,0,296,0,0,1,296,GEEN,atypical,interf,MIS,MATCH,g,1,-1,1
6,8,2,214,214,214,2,214,0,0,EEN,typical,no_interf,MATCH,MIS,b,-1,1,-1
6,8,28,158,158,158,2,158,0,0,EEN,typical,interf,MATCH,MATCH,a,-1,1,1
6,8,5,228,228,228,2,228,0,0,GEEN,atypical,interf,MIS,MATCH,g,1,-1,1
6,8,30,288,288,288,2,288,0,0,GEEN,typical,no_interf,MATCH,MIS,f,1,1,-1
6,8,31,382,382,382,2,382,0,0,GEEN,atypical,no_interf,MIS,MIS,h,1,-1,-1
6,8,4,302,302,572,2,302,1,270,EEN,typical,interf,MATCH,MATCH,a,-1,1,1
6,8,25,1098,508,508,1,246,1,262,EEN,atypical,interf,MIS,MATCH,c,-1,-1,1
6,8,1,206,206,206,2,206,0,0,EEN,atypical,interf,MIS,MATCH,c,-1,-1,1
6,8,7,944,566,820,1,470,1,350,GEEN,atypical,no_interf,MIS,MIS,h,1,-1,-1
6,8,19,568,414,414,1,204,1,210,EEN,atypical,no_interf,MIS,MIS,d,-1,-1,-1
6,8,12,342,342,342,2,342,0,0,EEN,typical,interf,MATCH,MATCH,a,-1,1,1
6,8,3,104,104,412,2,104,1,308,EEN,atypical,no_interf,MIS,MIS,d,-1,-1,-1
6,8,13,0,0,0,0,0,0,0,GEEN,atypical,interf,MIS,MATCH,g,1,-1,1
6,8,16,186,186,186,2,186,0,0,GEEN,typical,interf,MATCH,MATCH,e,1,1,1
6,8,26,708,572,572,1,336,1,236,EEN,typical,no_interf,MATCH,MIS,b,-1,1,-1
6,8,6,234,234,234,2,234,0,0,GEEN,typical,no_interf,MATCH,MIS,f,1,1,-1
6,8,20,0,0,0,0,0,0,0,EEN,typical,interf,MATCH,MATCH,a,-1,1,1
6,8,23,194,194,194,2,194,0,0,GEEN,atypical,no_interf,MIS,MIS,h,1,-1,-1
6,8,22,364,364,364,2,364,0,0,GEEN,typical,no_interf,MATCH,MIS,f,1,1,-1
6,8,18,686,558,558,1,456,1,102,EEN,typical,no_interf,MATCH,MIS,b,-1,1,-1
6,8,17,1108,716,716,1,304,1,412,EEN,atypical,interf,MIS,MATCH,c,-1,-1,1
6,8,9,210,210,440,2,210,1,230,EEN,atypical,interf,MIS,MATCH,c,-1,-1,1
6,8,32,938,498,498,1,294,1,204,GEEN,typical,interf,MATCH,MATCH,e,1,1,1
6,8,27,264,264,734,2,264,1,470,EEN,atypical,no_interf,MIS,MIS,d,-1,-1,-1
6,8,11,318,318,318,2,318,0,0,EEN,atypical,no_interf,MIS,MIS,d,-1,-1,-1
6,8,8,716,716,1656,2,716,1,940,GEEN,typical,interf,MATCH,MATCH,e,1,1,1
6,8,15,1276,1022,1022,1,502,1,520,GEEN,atypical,no_interf,MIS,MIS,h,1,-1,-1
6,8,10,836,548,548,1,308,1,240,EEN,typical,no_interf,MATCH,MIS,b,-1,1,-1
6,16,20,188,188,714,2,188,1,526,EEN,typical,interf,MATCH,MATCH,a,-1,1,1
6,16,27,696,414,744,1,414,1,330,EEN,atypical,no_interf,MIS,MIS,d,-1,-1,-1
6,16,19,198,198,464,2,198,1,266,EEN,atypical,no_interf,MIS,MIS,d,-1,-1,-1
6,16,13,242,242,662,2,242,1,420,GEEN,atypical,interf,MIS,MATCH,g,1,-1,1
6,16,17,296,296,1172,2,296,1,876,EEN,atypical,interf,MIS,MATCH,c,-1,-1,1
6,16,26,386,386,386,2,386,0,0,EEN,typical,no_interf,MATCH,MIS,b,-1,1,-1
6,16,10,1366,948,948,1,500,1,448,EEN,typical,no_interf,MATCH,MIS,b,-1,1,-1
6,16,9,196,196,540,2,196,1,344,EEN,atypical,interf,MIS,MATCH,c,-1,-1,1
6,16,2,60,60,266,2,60,1,206,EEN,typical,no_interf,MATCH,MIS,b,-1,1,-1
6,16,8,430,430,1394,2,430,1,964,GEEN,typical,interf,MATCH,MATCH,e,1,1,1
6,16,1,260,260,464,2,260,1,204,EEN,atypical,interf,MIS,MATCH,c,-1,-1,1
6,16,28,190,190,378,2,190,1,188,EEN,typical,interf,MATCH,MATCH,a,-1,1,1
6,16,15,194,194,624,2,194,1,430,GEEN,atypical,no_interf,MIS,MIS,h,1,-1,-1
6,16,25,170,170,332,2,170,1,162,EEN,atypical,interf,MIS,MATCH,c,-1,-1,1
6,16,18,264,264,712,2,264,1,448,EEN,typical,no_interf,MATCH,MIS,b,-1,1,-1
6,16,23,0,0,1562,0,0,1,1562,GEEN,atypical,no_interf,MIS,MIS,h,1,-1,-1
6,16,7,378,232,232,1,232,0,0,GEEN,atypical,no_interf,MIS,MIS,h,1,-1,-1
6,16,5,288,288,1006,2,288,1,718,GEEN,atypical,interf,MIS,MATCH,g,1,-1,1
6,16,21,452,452,536,2,452,1,84,GEEN,atypical,interf,MIS,MATCH,g,1,-1,1
6,16,3,210,210,728,2,210,1,518,EEN,atypical,no_interf,MIS,MIS,d,-1,-1,-1
6,16,32,156,156,404,2,156,1,248,GEEN,typical,interf,MATCH,MATCH,e,1,1,1
6,16,30,200,200,702,2,200,1,502,GEEN,typical,no_interf,MATCH,MIS,f,1,1,-1
6,16,11,170,170,792,2,170,1,622,EEN,atypical,no_interf,MIS,MIS,d,-1,-1,-1
6,16,22,220,220,724,2,220,1,504,GEEN,typical,no_interf,MATCH,MIS,f,1,1,-1
6,16,6,202,202,688,2,202,1,486,GEEN,typical,no_interf,MATCH,MIS,f,1,1,-1
6,16,29,244,244,460,2,244,1,216,GEEN,atypical,interf,MIS,MATCH,g,1,-1,1
6,16,12,224,224,596,2,224,1,372,EEN,typical,interf,MATCH,MATCH,a,-1,1,1
6,16,4,0,0,642,0,0,1,642,EEN,typical,interf,MATCH,MATCH,a,-1,1,1
6,16,31,232,232,416,2,232,1,184,GEEN,atypical,no_interf,MIS,MIS,h,1,-1,-1
6,16,16,168,168,168,2,168,0,0,GEEN,typical,interf,MATCH,MATCH,e,1,1,1
6,24,2,188,188,1024,2,188,1,836,EEN,typical,no_interf,MATCH,MIS,b,-1,1,-1
6,24,23,0,0,392,0,0,1,392,GEEN,atypical,no_interf,MIS,MIS,h,1,-1,-1
6,24,1,272,272,272,2,272,0,0,EEN,atypical,interf,MIS,MATCH,c,-1,-1,1
6,24,11,232,232,566,2,232,1,334,EEN,atypical,no_interf,MIS,MIS,d,-1,-1,-1
6,24,13,690,308,620,1,220,1,400,GEEN,atypical,interf,MIS,MATCH,g,1,-1,1
6,24,7,0,0,1098,0,0,1,1098,GEEN,atypical,no_interf,MIS,MIS,h,1,-1,-1
6,24,27,204,204,534,2,204,1,330,EEN,atypical,no_interf,MIS,MIS,d,-1,-1,-1
6,24,16,248,118,278,1,118,1,160,GEEN,typical,interf,MATCH,MATCH,e,1,1,1
6,24,3,230,230,340,2,230,1,110,EEN,atypical,no_interf,MIS,MIS,d,-1,-1,-1
6,24,25,220,220,484,2,220,1,264,EEN,atypical,interf,MIS,MATCH,c,-1,-1,1
6,24,6,308,308,308,2,308,0,0,GEEN,typical,no_interf,MATCH,MIS,f,1,1,-1
6,24,31,0,0,422,0,0,1,422,GEEN,atypical,no_interf,MIS,MIS,h,1,-1,-1
6,24,20,174,174,174,2,174,0,0,EEN,typical,interf,MATCH,MATCH,a,-1,1,1
6,24,28,0,0,132,0,0,1,132,EEN,typical,interf,MATCH,MATCH,a,-1,1,1
6,24,9,0,0,90,0,0,1,90,EEN,atypical,interf,MIS,MATCH,c,-1,-1,1
6,24,17,254,254,254,2,254,0,0,EEN,atypical,interf,MIS,MATCH,c,-1,-1,1
6,24,29,1206,316,316,1,316,0,0,GEEN,atypical,interf,MIS,MATCH,g,1,-1,1
6,24,5,186,186,186,2,186,0,0,GEEN,atypical,interf,MIS,MATCH,g,1,-1,1
6,24,30,154,154,208,2,154,1,54,GEEN,typical,no_interf,MATCH,MIS,f,1,1,-1
6,24,32,192,192,488,2,192,1,296,GEEN,typical,interf,MATCH,MATCH,e,1,1,1
6,24,4,112,112,112,2,112,0,0,EEN,typical,interf,MATCH,MATCH,a,-1,1,1
6,24,21,170,170,170,2,170,0,0,GEEN,atypical,interf,MIS,MATCH,g,1,-1,1
6,24,8,180,180,180,2,180,0,0,GEEN,typical,interf,MATCH,MATCH,e,1,1,1
6,24,18,190,190,190,2,190,0,0,EEN,typical,no_interf,MATCH,MIS,b,-1,1,-1
6,24,19,0,0,0,0,0,0,0,EEN,atypical,no_interf,MIS,MIS,d,-1,-1,-1
6,24,22,0,0,226,0,0,1,226,GEEN,typical,no_interf,MATCH,MIS,f,1,1,-1
6,24,12,198,198,198,2,198,0,0,EEN,typical,interf,MATCH,MATCH,a,-1,1,1
6,24,10,578,578,934,2,578,1,356,EEN,typical,no_interf,MATCH,MIS,b,-1,1,-1
6,24,15,406,406,562,2,406,1,156,GEEN,atypical,no_interf,MIS,MIS,h,1,-1,-1
6,24,26,176,176,552,2,176,1,376,EEN,typical,no_interf,MATCH,MIS,b,-1,1,-1
6,32,29,0,0,302,0,0,1,302,GEEN,atypical,interf,MIS,MATCH,g,1,-1,1
6,32,17,0,0,0,0,0,0,0,EEN,atypical,interf,MIS,MATCH,c,-1,-1,1
6,32,19,150,150,372,2,150,1,222,EEN,atypical,no_interf,MIS,MIS,d,-1,-1,-1
6,32,4,0,0,374,0,0,1,374,EEN,typical,interf,MATCH,MATCH,a,-1,1,1
6,32,6,308,134,134,1,134,0,0,GEEN,typical,no_interf,MATCH,MIS,f,1,1,-1
6,32,27,0,0,178,0,0,1,178,EEN,atypical,no_interf,MIS,MIS,d,-1,-1,-1
6,32,15,208,208,614,2,208,1,406,GEEN,atypical,no_interf,MIS,MIS,h,1,-1,-1
6,32,20,0,0,0,0,0,0,0,EEN,typical,interf,MATCH,MATCH,a,-1,1,1
6,32,8,0,0,0,0,0,0,0,GEEN,typical,interf,MATCH,MATCH,e,1,1,1
6,32,26,186,186,186,2,186,0,0,EEN,typical,no_interf,MATCH,MIS,b,-1,1,-1
6,32,28,0,0,0,0,0,0,0,EEN,typical,interf,MATCH,MATCH,a,-1,1,1
6,32,2,0,0,0,0,0,0,0,EEN,typical,no_interf,MATCH,MIS,b,-1,1,-1
6,32,12,0,0,0,0,0,0,0,EEN,typical,interf,MATCH,MATCH,a,-1,1,1
6,32,10,152,152,152,2,152,0,0,EEN,typical,no_interf,MATCH,MIS,b,-1,1,-1
6,32,1,0,0,0,0,0,0,0,EEN,atypical,interf,MIS,MATCH,c,-1,-1,1
6,32,23,0,0,184,0,0,1,184,GEEN,atypical,no_interf,MIS,MIS,h,1,-1,-1
6,32,22,226,226,226,2,226,0,0,GEEN,typical,no_interf,MATCH,MIS,f,1,1,-1
6,32,25,288,288,288,2,288,0,0,EEN,atypical,interf,MIS,MATCH,c,-1,-1,1
6,32,31,0,0,0,0,0,0,0,GEEN,atypical,no_interf,MIS,MIS,h,1,-1,-1
6,32,21,0,0,0,0,0,0,0,GEEN,atypical,interf,MIS,MATCH,g,1,-1,1
6,32,13,0,0,0,0,0,0,0,GEEN,atypical,interf,MIS,MATCH,g,1,-1,1
6,32,16,220,220,420,2,220,1,200,GEEN,typical,interf,MATCH,MATCH,e,1,1,1
6,32,3,0,0,58,0,0,1,58,EEN,atypical,no_interf,MIS,MIS,d,-1,-1,-1
6,32,11,0,0,0,0,0,0,0,EEN,atypical,no_interf,MIS,MIS,d,-1,-1,-1
6,32,18,260,260,260,2,260,0,0,EEN,typical,no_interf,MATCH,MIS,b,-1,1,-1
6,32,32,0,0,0,0,0,0,0,GEEN,typical,interf,MATCH,MATCH,e,1,1,1
6,32,7,0,0,448,0,0,1,448,GEEN,atypical,no_interf,MIS,MIS,h,1,-1,-1
6,32,5,0,0,0,0,0,0,0,GEEN,atypical,interf,MIS,MATCH,g,1,-1,1
6,32,30,418,192,192,1,192,0,0,GEEN,typical,no_interf,MATCH,MIS,f,1,1,-1
6,32,9,0,0,0,0,0,0,0,EEN,atypical,interf,MIS,MATCH,c,-1,-1,1
6,40,4,914,914,914,2,914,0,0,EEN,typical,interf,MATCH,MATCH,a,-1,1,1
6,40,31,536,536,536,2,536,0,0,GEEN,atypical,no_interf,MIS,MIS,h,1,-1,-1
6,40,13,340,340,340,2,340,0,0,GEEN,atypical,interf,MIS,MATCH,g,1,-1,1
6,40,25,222,222,420,2,222,1,198,EEN,atypical,interf,MIS,MATCH,c,-1,-1,1
6,40,18,196,196,690,2,196,1,494,EEN,typical,no_interf,MATCH,MIS,b,-1,1,-1
6,40,9,356,356,1148,2,356,1,792,EEN,atypical,interf,MIS,MATCH,c,-1,-1,1
6,40,23,512,512,1230,2,512,1,718,GEEN,atypical,no_interf,MIS,MIS,h,1,-1,-1
6,40,15,408,408,408,2,408,0,0,GEEN,atypical,no_interf,MIS,MIS,h,1,-1,-1
6,40,6,300,300,300,2,300,0,0,GEEN,typical,no_interf,MATCH,MIS,f,1,1,-1
6,40,1,210,210,210,2,210,0,0,EEN,atypical,interf,MIS,MATCH,c,-1,-1,1
6,40,21,282,282,282,2,282,0,0,GEEN,atypical,interf,MIS,MATCH,g,1,-1,1
6,40,5,312,312,584,2,312,1,272,GEEN,atypical,interf,MIS,MATCH,g,1,-1,1
6,40,8,428,428,428,2,428,0,0,GEEN,typical,interf,MATCH,MATCH,e,1,1,1
6,40,7,492,492,492,2,492,0,0,GEEN,atypical,no_interf,MIS,MIS,h,1,-1,-1
6,40,12,982,534,534,1,182,1,352,EEN,typical,interf,MATCH,MATCH,a,-1,1,1
6,40,11,312,312,312,2,312,0,0,EEN,atypical,no_interf,MIS,MIS,d,-1,-1,-1
6,40,17,0,0,72,0,0,1,72,EEN,atypical,interf,MIS,MATCH,c,-1,-1,1
6,40,2,656,656,656,2,656,0,0,EEN,typical,no_interf,MATCH,MIS,b,-1,1,-1
6,40,30,370,370,874,2,370,1,504,GEEN,typical,no_interf,MATCH,MIS,f,1,1,-1
6,40,27,532,532,532,2,532,0,0,EEN,atypical,no_interf,MIS,MIS,d,-1,-1,-1
6,40,28,384,384,600,2,384,1,216,EEN,typical,interf,MATCH,MATCH,a,-1,1,1
6,40,16,404,404,558,2,404,1,154,GEEN,typical,interf,MATCH,MATCH,e,1,1,1
6,40,32,302,302,302,2,302,0,0,GEEN,typical,interf,MATCH,MATCH,e,1,1,1
6,40,22,446,446,446,2,446,0,0,GEEN,typical,no_interf,MATCH,MIS,f,1,1,-1
6,40,10,696,696,696,2,696,0,0,EEN,typical,no_interf,MATCH,MIS,b,-1,1,-1
6,40,20,732,486,486,1,194,1,292,EEN,typical,interf,MATCH,MATCH,a,-1,1,1
6,40,29,220,220,900,2,220,1,680,GEEN,atypical,interf,MIS,MATCH,g,1,-1,1
6,40,26,736,462,462,1,112,1,350,EEN,typical,no_interf,MATCH,MIS,b,-1,1,-1
6,40,3,844,630,1000,1,348,1,652,EEN,atypical,no_interf,MIS,MIS,d,-1,-1,-1
6,47,21,268,268,268,2,268,0,0,GEEN,atypical,interf,MIS,MATCH,g,1,-1,1
6,47,32,172,172,172,2,172,0,0,GEEN,typical,interf,MATCH,MATCH,e,1,1,1
6,47,7,216,216,216,2,216,0,0,GEEN,atypical,no_interf,MIS,MIS,h,1,-1,-1
6,47,15,246,246,246,2,246,0,0,GEEN,atypical,no_interf,MIS,MIS,h,1,-1,-1
6,47,9,194,194,194,2,194,0,0,EEN,atypical,interf,MIS,MATCH,c,-1,-1,1
6,47,25,154,154,154,2,154,0,0,EEN,atypical,interf,MIS,MATCH,c,-1,-1,1
6,47,27,456,456,456,2,456,0,0,EEN,atypical,no_interf,MIS,MIS,d,-1,-1,-1
6,47,19,348,348,348,2,348,0,0,EEN,atypical,no_interf,MIS,MIS,d,-1,-1,-1
6,47,16,516,316,316,1,124,1,192,GEEN,typical,interf,MATCH,MATCH,e,1,1,1
6,47,22,176,176,176,2,176,0,0,GEEN,typical,no_interf,MATCH,MIS,f,1,1,-1
6,47,11,156,156,156,2,156,0,0,EEN,atypical,no_interf,MIS,MIS,d,-1,-1,-1
6,47,10,408,408,408,2,408,0,0,EEN,typical,no_interf,MATCH,MIS,b,-1,1,-1
6,47,26,160,160,160,2,160,0,0,EEN,typical,no_interf,MATCH,MIS,b,-1,1,-1
6,47,4,430,430,430,2,430,0,0,EEN,typical,interf,MATCH,MATCH,a,-1,1,1
6,47,23,350,350,350,2,350,0,0,GEEN,atypical,no_interf,MIS,MIS,h,1,-1,-1
6,47,8,206,206,206,2,206,0,0,GEEN,typical,interf,MATCH,MATCH,e,1,1,1
6,47,20,190,190,190,2,190,0,0,EEN,typical,interf,MATCH,MATCH,a,-1,1,1
6,47,28,222,222,222,2,222,0,0,EEN,typical,interf,MATCH,MATCH,a,-1,1,1
6,47,5,0,0,0,0,0,0,0,GEEN,atypical,interf,MIS,MATCH,g,1,-1,1
6,47,31,412,412,412,2,412,0,0,GEEN,atypical,no_interf,MIS,MIS,h,1,-1,-1
6,47,2,368,368,368,2,368,0,0,EEN,typical,no_interf,MATCH,MIS,b,-1,1,-1
6,47,29,198,198,198,2,198,0,0,GEEN,atypical,interf,MIS,MATCH,g,1,-1,1
6,47,1,150,150,150,2,150,0,0,EEN,atypical,interf,MIS,MATCH,c,-1,-1,1
6,47,18,170,170,170,2,170,0,0,EEN,typical,no_interf,MATCH,MIS,b,-1,1,-1
6,47,17,184,184,184,2,184,0,0,EEN,atypical,interf,MIS,MATCH,c,-1,-1,1
6,47,6,184,184,184,2,184,0,0,GEEN,typical,no_interf,MATCH,MIS,f,1,1,-1
6,47,3,142,142,142,2,142,0,0,EEN,atypical,no_interf,MIS,MIS,d,-1,-1,-1
6,47,12,180,180,180,2,180,0,0,EEN,typical,interf,MATCH,MATCH,a,-1,1,1
6,47,13,246,246,246,2,246,0,0,GEEN,atypical,interf,MIS,MATCH,g,1,-1,1
6,47,30,0,0,0,0,0,0,0,GEEN,typical,no_interf,MATCH,MIS,f,1,1,-1
